id.plot,id.site,longitude,latitude,region,eco.id,eco.name,obs.year,esy4,site.type,hydrology,mngm.type,cwm.abu.sla,cwm.abu.height,cwm.abu.seedmass,fric.abu.sla,fric.abu.height,fric.abu.seedmass
M_ALT_A2,M_ALT,11.74807035,51.82958952,centre,654,Central European mixed forests,2022,R22,negative,moist,mowing,228.39,0.69,0.00176,7.48,37.25,6.07461
M_ALT_A3,M_ALT,11.74807035,51.82958952,centre,654,Central European mixed forests,2022,R22,negative,moist,mowing,219.48,0.73,0.0018,9.58,157.79,28.15501
M_BAD_A1,M_BAD,11.59227903,51.32216743,centre,654,Central European mixed forests,2022,R1A,restored,dry,grazing,188.06,0.17,0.00177,26.79,68.81,8.18172
M_BAD_A2,M_BAD,11.59227903,51.32216743,centre,654,Central European mixed forests,2022,R1A,restored,dry,grazing,165.93,0.16,0.00297,11.3,49.08,6.66663
M_BAD_A3,M_BAD,11.59227903,51.32216743,centre,654,Central European mixed forests,2022,R1A,restored,dry,grazing,174.03,0.15,9.4e-4,13.84,49.08,108.64715
M_BAD_A4,M_BAD,11.59227903,51.32216743,centre,654,Central European mixed forests,2022,R1A,restored,dry,grazing,190.88,0.15,0.00093000000000000005,34.62,49.08,147.5485
M_BIR_A1,M_BIR,12.37165595,51.82300851,centre,654,Central European mixed forests,2023,R22,positive,fresh,mowing,213.88,0.59,0.00168,36.91,22.74,64.30386
M_BIR_A2,M_BIR,12.37165595,51.82300851,centre,654,Central European mixed forests,2023,R1A,positive,fresh,mowing,195.38,0.28,0.00128,60.93,77.51,10.02978
M_BOD_A3,M_BOD,11.72985443,51.83255624,centre,654,Central European mixed forests,2023,R22,negative,fresh,both,260.6,0.72,0.00161,4.78,37.25,17.2144
M_BOD_A4,M_BOD,11.72985443,51.83255624,centre,654,Central European mixed forests,2023,R22,negative,fresh,both,255.71,0.49,0.0018,6.79,37.25,8.15184
M_BRA_A4,M_BRA,11.86698516,51.54885765,centre,654,Central European mixed forests,2023,R1A,restored,dry,both,245.27,0.41,0.00503,53.03,9.78,16.33961
M_BUH_A1,M_BUH,10.60948255,52.00891,centre,654,Central European mixed forests,2022,R22,restored,fresh,both,235,0.57,9.4e-4,10.3,13.76,8.96083
M_CAL_A1,M_CAL,11.8127823,51.91316941,centre,654,Central European mixed forests,2022,R22,restored,fresh,mowing,226.02,0.68,9.8e-4,8.41,11.08,10.56214
M_CAL_A2,M_CAL,11.8127823,51.91316941,centre,654,Central European mixed forests,2022,R22,restored,fresh,mowing,216.92,0.5,7.3e-4,7.05,11.08,10.56214
M_CAL_A3,M_CAL,11.8127823,51.91316941,centre,654,Central European mixed forests,2022,R22,restored,fresh,mowing,197.15,0.58,3.7e-4,7.25,11.08,4.17379
M_DOB_A2,M_DOB,11.76306711,51.62001263,centre,654,Central European mixed forests,2022,R1A,restored,dry,mowing,220.41,0.46,8.2e-4,10.48,27.62,13.75422
M_DOR_A1,M_DOR,11.81450305,51.64508573,centre,654,Central European mixed forests,2022,R22,restored,fresh,mowing,205.18,0.5,0.00161,7.44,13.76,10.02978
M_DOR_A3,M_DOR,11.81450305,51.64508573,centre,654,Central European mixed forests,2022,R22,restored,fresh,mowing,251.21,0.71,0.0023,8.18,9.9,10.02978
M_FAL_A1,M_FAL,11.35946299,51.74746391,centre,654,Central European mixed forests,2023,R22,restored,fresh,mowing,238.81,0.6,0.00137,27.68,13.56,6.58921
M_FAL_A4,M_FAL,11.35946299,51.74746391,centre,654,Central European mixed forests,2023,R22,restored,fresh,mowing,221.17,0.49,0.00118,3.72,23.69,11.90714
M_FRB_A3,M_FRB,11.73327072,51.62485865,centre,654,Central European mixed forests,2023,R1A,restored,dry,grazing,165.22,0.27,0.00272,80.26,78.52,51.28466
M_GRO_A1,M_GRO,11.68390121,51.76579064,centre,654,Central European mixed forests,2022,R22,restored,fresh,both,265.26,0.65,0.00169,7.68,22.74,12.26208
M_GRO_A2,M_GRO,11.68390121,51.76579064,centre,654,Central European mixed forests,2022,R22,restored,fresh,both,264.81,0.72,0.00212,28.96,22.74,12.26208
M_HAH_A1,M_HAH,11.62972068,51.30873546,centre,654,Central European mixed forests,2023,R1A,positive,dry,none,159.63,0.22,6e-4,32.76,43.18,6.53464
M_HAH_A2,M_HAH,11.62972068,51.30873546,centre,654,Central European mixed forests,2023,R1A,positive,dry,none,193.88,0.16,8.6e-4,19.15,33.34,85.03684
M_HAH_A4,M_HAH,11.62972068,51.30873546,centre,654,Central European mixed forests,2023,R1A,positive,dry,none,189.64,0.1,2.5e-4,19.15,33.34,85.03684
M_HAR_A4,M_HAR,11.08520296,51.82462193,centre,654,Central European mixed forests,2023,R22,restored,fresh,mowing,239.88,0.68,0.0029,7.1,77.51,14.71078
M_HIR_A1,M_HIR,11.68710429,51.1981926,centre,654,Central European mixed forests,2022,R1A,restored,dry,grazing,204.59,0.35,0.00118,14.63,47.14,204.69771
M_HIR_A3,M_HIR,11.68710429,51.1981926,centre,654,Central European mixed forests,2022,R1A,restored,dry,grazing,224.03,0.42,0.00166,32.79,12.75,90.03656
M_HIR_A4,M_HIR,11.68710429,51.1981926,centre,654,Central European mixed forests,2022,R1A,restored,dry,grazing,210.04,0.41,0.00125,14.44,47.14,147.5485
M_HNB_A1,M_HNB,11.77775515,51.2062993,centre,654,Central European mixed forests,2023,R1A,restored,dry,grazing,180.11,0.35,0.00154,19.5,14.41,12.541
M_HNB_A2,M_HNB,11.77775515,51.2062993,centre,654,Central European mixed forests,2023,R1A,restored,dry,grazing,183.81,0.35,0.00254,7.44,10.5,13.75422
M_HNB_A3,M_HNB,11.77775515,51.2062993,centre,654,Central European mixed forests,2023,R1A,restored,dry,grazing,189.61,0.21,0.00196,8.38,77.51,8.67255
M_HNB_A4,M_HNB,11.77775515,51.2062993,centre,654,Central European mixed forests,2023,R1A,restored,dry,grazing,203.68,0.32,0.00173,9.68,10.53,13.75422
M_HOH_A2,M_HOH,11.65059088,51.85418882,centre,654,Central European mixed forests,2022,R22,restored,moist,mowing,200.88,0.4,0.00233,9.22,23.13,9.20975
M_ILB_A1,M_ILB,11.65441561,51.82311226,centre,654,Central European mixed forests,2023,R22,restored,fresh,mowing,236.13,0.37,0.0012,8.41,22.74,12.40834
M_ILB_A3,M_ILB,11.65441561,51.82311226,centre,654,Central European mixed forests,2023,R22,restored,fresh,mowing,248.12,0.34,7.3e-4,9.22,29.33,17.2144
M_KIF_A1,M_KIF,11.7568316,51.65465985,centre,654,Central European mixed forests,2022,R1A,negative,dry,mowing,236.73,0.55,0.00163,10.62,46.68,10.56214
M_KIF_A2,M_KIF,11.7568316,51.65465985,centre,654,Central European mixed forests,2022,R1A,negative,dry,mowing,176.28,0.43,0.00357,26.72,7.16,3.32832
M_KIF_A3,M_KIF,11.7568316,51.65465985,centre,654,Central European mixed forests,2022,R1A,negative,dry,mowing,165.73,0.3,0.00632,26.72,16.8,10.88846
M_KIF_A4,M_KIF,11.7568316,51.65465985,centre,654,Central European mixed forests,2022,R1A,negative,dry,mowing,167.96,0.33,0.00467,26.72,7.77,4.13865
M_KOT_A1,M_KOT,11.97743495,51.76112712,centre,654,Central European mixed forests,2022,R22,restored,fresh,none,235.57,0.51,0.0016,7.72,11.08,10.56214
M_KOT_A2,M_KOT,11.97743495,51.76112712,centre,654,Central European mixed forests,2022,R22,restored,fresh,none,226,0.5,0.00247,7.04,22.32,11.61255
M_KOT_A3,M_KOT,11.97743495,51.76112712,centre,654,Central European mixed forests,2022,R22,restored,fresh,none,232.77,0.48,0.00212,11.18,22.32,15.8461
M_KOT_A4,M_KOT,11.97743495,51.76112712,centre,654,Central European mixed forests,2022,R22,restored,fresh,none,231.43,0.51,0.00276,12,10.46,15.8461
M_KUH_A1,M_KUH,11.83230936,51.25517652,centre,654,Central European mixed forests,2022,R1A,restored,dry,grazing,171.73,0.4,0.00311,28.25,46.77,27.2045
M_KUH_A2,M_KUH,11.83230936,51.25517652,centre,654,Central European mixed forests,2022,R1A,restored,dry,grazing,174.32,0.45,0.00321,12.12,16.8,10.88846
M_KUH_A3,M_KUH,11.83230936,51.25517652,centre,654,Central European mixed forests,2022,R1A,restored,dry,grazing,184.57,0.21,0.00124,28.25,56.23,19.71145
M_KUH_A4,M_KUH,11.83230936,51.25517652,centre,654,Central European mixed forests,2022,R1A,restored,dry,grazing,168.75,0.36,0.00252,27.73,68.81,19.71145
M_LOB_A2,M_LOB,11.9262047,51.63375412,centre,654,Central European mixed forests,2023,R22,restored,fresh,mowing,237.8,0.59,0.00444,25.4,37.25,18.19943
M_NIS_A1,M_NIS,11.76049993,51.20428793,centre,654,Central European mixed forests,2022,R1A,negative,dry,none,218.23,0.31,6.8e-4,51.76,81.34,20.17344
M_NIS_A2,M_NIS,11.76049993,51.20428793,centre,654,Central European mixed forests,2022,R1A,negative,dry,none,253.06,0.64,0.00137,36.25,77.51,20.17344
M_NIS_A3,M_NIS,11.76049993,51.20428793,centre,654,Central European mixed forests,2022,R1A,negative,dry,none,252.89,0.46,4.8e-4,36.25,77.51,20.17344
M_NIS_A4,M_NIS,11.76049993,51.20428793,centre,654,Central European mixed forests,2022,R1A,negative,dry,none,229.18,0.37,6.2e-4,72.25,98.26,20.17344
M_SKF_A1,M_SKF,11.57491171,52.02875982,centre,654,Central European mixed forests,2022,R22,restored,fresh,both,229.78,0.55,0.00158,19.24,21.12,26.72425
M_SKF_A2,M_SKF,11.57491171,52.02875982,centre,654,Central European mixed forests,2022,R22,restored,fresh,both,200.87,0.49,6.9e-4,8.41,21.12,7.73759
M_SKF_A3,M_SKF,11.57491171,52.02875982,centre,654,Central European mixed forests,2022,R22,restored,fresh,both,183.89,0.44,0.00121,18.46,17.27,10.48717
M_SKF_A4,M_SKF,11.57491171,52.02875982,centre,654,Central European mixed forests,2022,R1A,restored,fresh,both,177.5,0.36,6.9e-4,18.46,14.33,17.44567
M_SMH_A3,M_SMH,11.59779124,51.33296162,centre,654,Central European mixed forests,2023,R1A,negative,dry,none,173.94,0.36,0.00436,67.38,25.32,12.40834
M_SSB_A1,M_SSB,11.72160941,51.21551542,centre,654,Central European mixed forests,2022,R1A,positive,dry,grazing,197.62,0.24,0.00199,72.25,24.65,5.77374
M_SSB_A2,M_SSB,11.72160941,51.21551542,centre,654,Central European mixed forests,2022,R1A,positive,dry,grazing,181.09,0.33,0.00236,36.9,43.18,11.81098
M_SSB_A3,M_SSB,11.72160941,51.21551542,centre,654,Central European mixed forests,2022,R1A,positive,dry,grazing,188.14,0.27,0.00226,14.13,18.29,5.40386
M_SSL_A3,M_SSL,11.92439633,51.6336248,centre,654,Central European mixed forests,2023,R1A,positive,dry,none,188.34,0.33,0.00146,8.62,30.15,10.02978
M_STA_A1,M_STA,12.03915626,51.87081962,centre,654,Central European mixed forests,2023,R22,restored,fresh,mowing,250.16,0.53,0.00131,8.28,157.79,21.03435
M_STA_A2,M_STA,12.03915626,51.87081962,centre,654,Central European mixed forests,2023,R22,restored,fresh,mowing,251.82,0.71,0.0017,6.1,22.74,9.20975
M_STA_A4,M_STA,12.03915626,51.87081962,centre,654,Central European mixed forests,2023,R22,restored,fresh,mowing,244.44,0.68,0.00216,8.28,37.25,64.30386
M_STF_A2,M_STF,11.6869805,52.28069534,centre,654,Central European mixed forests,2023,R22,restored,moist,mowing,237.61,0.44,7.7e-4,13.29,22.74,118.64473
M_STF_A3,M_STF,11.6869805,52.28069534,centre,654,Central European mixed forests,2023,R22,restored,moist,mowing,267.95,0.5,0.00115,31.65,22.74,41.12515
M_STF_A4,M_STF,11.6869805,52.28069534,centre,654,Central European mixed forests,2023,R22,restored,moist,mowing,270.38,0.53,0.00105,33.03,22.74,32.15635
M_STI_A2,M_STI,11.83597112,51.65776367,centre,654,Central European mixed forests,2023,R22,restored,moist,mowing,237.01,0.56,0.00291,4.94,22.74,8.15184
M_STI_A3,M_STI,11.83597112,51.65776367,centre,654,Central European mixed forests,2023,R22,restored,moist,mowing,242.56,0.64,0.00209,10.97,22.74,8.15184
M_STI_A4,M_STI,11.83597112,51.65776367,centre,654,Central European mixed forests,2023,R22,restored,moist,mowing,254.81,0.59,0.00193,5.72,22.74,25.14454
M_STN_A2,M_STN,11.51118008,51.27824642,centre,654,Central European mixed forests,2023,R1A,restored,dry,grazing,235.76,0.29,0.00146,102.52,60.77,35.09273
M_STN_A3,M_STN,11.51118008,51.27824642,centre,654,Central European mixed forests,2023,R1A,restored,dry,grazing,190.18,0.3,0.00244,123,60.77,208.84567
M_STN_A4,M_STN,11.51118008,51.27824642,centre,654,Central European mixed forests,2023,R1A,restored,dry,grazing,184.86,0.38,0.00347,102.52,35.76,27.90032
M_STP_A1,M_STP,12.05356323,51.87379422,centre,654,Central European mixed forests,2023,R22,positive,fresh,mowing,253.19,0.39,0.00133,36.25,84.57,64.30386
M_TAN_A1,M_TAN,11.75682108,51.64052353,centre,654,Central European mixed forests,2022,R1A,restored,dry,grazing,178.73,0.25,0.00185,219.55,42.67,19.71596
M_TAN_A2,M_TAN,11.75682108,51.64052353,centre,654,Central European mixed forests,2022,R1A,restored,dry,grazing,184.15,0.3,0.00194,30.75,42.67,19.71145
M_TAN_A3,M_TAN,11.75682108,51.64052353,centre,654,Central European mixed forests,2022,R1A,restored,dry,grazing,168.05,0.34,0.00218,26.28,34.72,14.5145
M_TAN_A4,M_TAN,11.75682108,51.64052353,centre,654,Central European mixed forests,2022,R1A,restored,dry,grazing,172.86,0.4,0.00204,28.55,30.54,10.90944
M_TRE_A3,M_TRE,11.96757714,51.64524689,centre,654,Central European mixed forests,2023,R22,restored,fresh,mowing,208.81,0.49,0.00221,12.97,21.12,32.15635
M_TRE_A4,M_TRE,11.96757714,51.64524689,centre,654,Central European mixed forests,2023,R22,restored,fresh,mowing,215.92,0.53,0.00196,10.87,22.74,17.2144
M_TTH_A1,M_TTH,11.74525195,51.20022449,centre,654,Central European mixed forests,2023,R1A,restored,dry,grazing,186.38,0.21,6.2e-4,74.64,42.67,208.84567
M_TTH_A2,M_TTH,11.74525195,51.20022449,centre,654,Central European mixed forests,2023,R1A,restored,dry,grazing,161.96,0.27,7.2e-4,38.64,79.82,19.35166
M_TTO_A1,M_TTO,11.73221691,51.18472096,centre,654,Central European mixed forests,2022,R1A,positive,dry,grazing,210.49,0.28,7.8e-4,24.44,57.77,141.96711
M_TTO_A2,M_TTO,11.73221691,51.18472096,centre,654,Central European mixed forests,2022,R1A,positive,dry,grazing,188.85,0.22,5.3e-4,33.53,49.47,362.26676
M_TTO_A3,M_TTO,11.73221691,51.18472096,centre,654,Central European mixed forests,2022,R1A,positive,dry,grazing,192.46,0.2,0.00104,22.19,49.47,141.96711
M_TTO_A4,M_TTO,11.73221691,51.18472096,centre,654,Central European mixed forests,2022,R1A,positive,dry,grazing,172.46,0.16,0.00127,23.06,49.47,147.5485
M_TTP_A1,M_TTP,11.75171156,51.20209679,centre,654,Central European mixed forests,2022,R1A,restored,dry,grazing,173.01,0.35,0.00142,26.72,42.81,204.69771
M_TTP_A2,M_TTP,11.75171156,51.20209679,centre,654,Central European mixed forests,2022,R1A,restored,dry,grazing,163.93,0.31,0.00152,39.48,73.07,19.08157
M_TTP_A3,M_TTP,11.75171156,51.20209679,centre,654,Central European mixed forests,2022,R1A,restored,dry,grazing,182.42,0.33,0.00152,26.72,38.21,19.71145
M_TTP_A4,M_TTP,11.75171156,51.20209679,centre,654,Central European mixed forests,2022,R1A,restored,dry,grazing,148.9,0.31,0.00167,26.28,56.23,147.5485
M_VOC_A2,M_VOC,12.33854304,51.85665776,centre,654,Central European mixed forests,2023,R22,restored,fresh,mowing,230.36,0.54,0.00198,10.3,22.74,27.24964
M_VOC_A3,M_VOC,12.33854304,51.85665776,centre,654,Central European mixed forests,2023,R22,restored,fresh,mowing,251.47,0.57,0.00179,11.26,21.12,16.33961
M_WDG_A1,M_WDG,11.4834876,52.2889212,centre,654,Central European mixed forests,2022,R22,restored,fresh,mowing,223.78,0.42,0.00179,16.47,17.27,13.23393
M_WDG_A2,M_WDG,11.4834876,52.2889212,centre,654,Central European mixed forests,2022,R22,restored,fresh,mowing,214.66,0.38,0.00121,14.39,92.46,18.96581
M_WED_A1,M_WED,11.48918164,52.2679638,centre,654,Central European mixed forests,2023,R22,restored,moist,mowing,246.8,0.72,0.00264,40.35,24.03,8.15184
M_WED_A2,M_WED,11.48918164,52.2679638,centre,654,Central European mixed forests,2023,R22,restored,moist,mowing,231.65,0.71,0.00243,11.91,9.9,7.26342
M_WED_A3,M_WED,11.48918164,52.2679638,centre,654,Central European mixed forests,2023,R22,restored,moist,mowing,229.9,0.83,0.00243,11.91,10.46,7.62903
M_WED_A4,M_WED,11.48918164,52.2679638,centre,654,Central European mixed forests,2023,R22,restored,moist,mowing,275.05,0.69,0.00188,9.75,11.71,18.20325
M_WUN_A4,M_WUN,11.91088705,51.85409945,centre,654,Central European mixed forests,2022,R22,negative,fresh,mowing,238.69,0.54,0.00134,9.75,93.35,8.23526
N_AFE_A1,N_AFE,10.60355741,52.57145886,north,664,European Atlantic mixed forests,2023,R22,restored,fresh,both,263.56,0.64,0.00205,5.41,22.74,28.15501
N_AFE_A2,N_AFE,10.60355741,52.57145886,north,664,European Atlantic mixed forests,2023,R22,restored,fresh,both,219,0.41,0.00134,9.22,10.85,28.15501
N_AFE_A3,N_AFE,10.60355741,52.57145886,north,664,European Atlantic mixed forests,2023,R22,restored,fresh,both,218.34,0.35,0.00119,9.22,28.82,56.25596
N_AFE_A4,N_AFE,10.60355741,52.57145886,north,664,European Atlantic mixed forests,2023,R22,restored,fresh,both,244.75,0.34,0.00121,8.85,99.01,43.30321
N_ALA_A1,N_ALA,11.63909778,52.99585029,north,664,European Atlantic mixed forests,2022,R22,restored,fresh,mowing,223.43,0.58,6.2e-4,7.08,12.84,23.04331
N_ALA_A2,N_ALA,11.63909778,52.99585029,north,664,European Atlantic mixed forests,2022,R22,restored,fresh,mowing,225.2,0.54,0.00126,14.67,16.31,105.71441
N_ALA_A3,N_ALA,11.63909778,52.99585029,north,664,European Atlantic mixed forests,2022,R22,restored,fresh,mowing,223.27,0.56,0.00103,7.68,12.43,10.39223
N_ALA_A4,N_ALA,11.63909778,52.99585029,north,664,European Atlantic mixed forests,2022,R22,restored,fresh,mowing,237.83,0.56,0.0011,11.27,12.43,105.71441
N_ARE_A1,N_ARE,11.41380242,52.90835525,north,664,European Atlantic mixed forests,2022,R22,restored,fresh,mowing,265.1,0.36,6.4e-4,5.41,9.78,77.09859
N_ARE_A2,N_ARE,11.41380242,52.90835525,north,664,European Atlantic mixed forests,2022,R22,restored,fresh,mowing,293.57,0.57,6.7e-4,5.41,10.53,17.2144
N_ARE_A3,N_ARE,11.41380242,52.90835525,north,664,European Atlantic mixed forests,2022,R22,restored,fresh,mowing,286.03,0.56,6.7e-4,5.41,21.12,16.33961
N_ARE_A4,N_ARE,11.41380242,52.90835525,north,664,European Atlantic mixed forests,2022,R22,restored,fresh,mowing,255.26,0.4,7.5e-4,5.41,10.53,81.2263
N_BEB_A1,N_BEB,10.58705219,52.56455023,north,664,European Atlantic mixed forests,2022,R22,restored,fresh,both,285.43,0.52,0.00104,5.25,9.43,37.27973
N_BEB_A2,N_BEB,10.58705219,52.56455023,north,664,European Atlantic mixed forests,2022,R22,restored,fresh,both,244.8,0.46,0.0015,15.28,9.6,37.27973
N_BEB_A3,N_BEB,10.58705219,52.56455023,north,664,European Atlantic mixed forests,2022,R22,restored,fresh,both,289.09,0.55,8.5e-4,5.64,9.85,37.27973
N_BEB_A4,N_BEB,10.58705219,52.56455023,north,664,European Atlantic mixed forests,2022,R22,restored,fresh,both,295.42,0.56,8.5e-4,5.41,8.25,26.72425
N_BEN_A4,N_BEN,10.61579891,52.64595831,north,664,European Atlantic mixed forests,2023,R22,negative,fresh,mowing,230.98,0.44,0.00246,7.87,10.49,28.15501
N_BIT_A1,N_BIT,9.712489826,54.06746828,north,664,European Atlantic mixed forests,2022,R22,restored,fresh,grazing,272.17,0.45,2.7e-4,5.64,9.75,10.79376
N_BIT_A2,N_BIT,9.712489826,54.06746828,north,664,European Atlantic mixed forests,2022,R22,restored,fresh,grazing,210.01,0.32,9.5e-4,5.64,20.12,10.79376
N_BIT_A3,N_BIT,9.712489826,54.06746828,north,664,European Atlantic mixed forests,2022,R22,restored,fresh,grazing,237.1,0.37,6.5e-4,6.27,20.12,37.27973
N_BIT_A4,N_BIT,9.712489826,54.06746828,north,664,European Atlantic mixed forests,2022,R22,restored,fresh,grazing,264.05,0.45,4e-4,5.89,9.29,37.27973
N_BLE_A1,N_BLE,10.74598821,53.33188724,north,664,European Atlantic mixed forests,2023,R22,positive,fresh,mowing,248.59,0.49,2.2e-4,15.28,16.31,10.79376
N_BLE_A3,N_BLE,10.74598821,53.33188724,north,664,European Atlantic mixed forests,2023,R22,positive,fresh,mowing,244.88,0.49,8.6e-4,15.51,16.31,107.55081
N_BLE_A4,N_BLE,10.74598821,53.33188724,north,664,European Atlantic mixed forests,2023,R22,positive,fresh,mowing,248.77,0.44,4.9e-4,15.28,16.31,107.55081
N_BRD_A1,N_BRD,11.4258011,53.05071543,north,664,European Atlantic mixed forests,2022,R22,restored,fresh,both,277.3,0.62,5e-4,9.3,27.24,122.80795
N_BRD_A3,N_BRD,11.4258011,53.05071543,north,664,European Atlantic mixed forests,2022,R22,restored,fresh,both,283.12,0.61,5.5e-4,9.3,13.83,11.92942
N_BRE_A2,N_BRE,10.66332693,53.60182733,north,664,European Atlantic mixed forests,2022,R22,restored,dry,mowing,236.85,0.41,8.3e-4,10.73,19.38,12.09802
N_BU1_A3,N_BU1,9.774601422,54.09915593,north,664,European Atlantic mixed forests,2022,R22,negative,fresh,grazing,315.69,0.42,3.1e-4,5.25,22.15,16.23608
N_BU1_A4,N_BU1,9.774601422,54.09915593,north,664,European Atlantic mixed forests,2022,R22,negative,fresh,grazing,303.36,0.5,4.1e-4,9.6,10.85,12.90401
N_CNI_A1,N_CNI,10.85101826,53.24958879,north,664,European Atlantic mixed forests,2023,R22,restored,moist,both,288.48,0.4,2.3e-4,52.57,121.9,12.90401
N_CNI_A2,N_CNI,10.85101826,53.24958879,north,664,European Atlantic mixed forests,2023,R22,restored,moist,both,260.59,0.36,6.3e-4,15.66,121.9,16.28803
N_CNI_A3,N_CNI,10.85101826,53.24958879,north,664,European Atlantic mixed forests,2023,R22,restored,moist,both,280.76,0.35,3.6e-4,28.19,28.78,15.96302
N_CNI_A4,N_CNI,10.85101826,53.24958879,north,664,European Atlantic mixed forests,2023,R22,restored,moist,both,278.1,0.39,2.9e-4,274.98,37.25,33.7094
N_DAM_A2,N_DAM,11.13755266,53.12415583,north,664,European Atlantic mixed forests,2022,R22,restored,fresh,mowing,281.83,1.17,0.00256,6.33,21.12,2.47788
N_DAM_A4,N_DAM,11.13755266,53.12415583,north,664,European Atlantic mixed forests,2022,R22,restored,fresh,mowing,279.95,1.15,0.00251,6.33,21.12,2.47788
N_DUM_A3,N_DUM,10.96713715,52.90104063,north,664,European Atlantic mixed forests,2023,R22,positive,moist,mowing,270.46,0.49,6e-4,13.29,13.88,78.95584
N_DUM_A4,N_DUM,10.96713715,52.90104063,north,664,European Atlantic mixed forests,2023,R22,positive,moist,mowing,261.46,0.44,8.5e-4,25.39,22.95,78.95584
N_EIC_A2,N_EIC,9.966582081,53.15894547,north,664,European Atlantic mixed forests,2023,R22,restored,dry,both,245.16,0.41,3.8e-4,11.04,49.47,20.86789
N_ELB_A1,N_ELB,11.21872812,53.12500769,north,664,European Atlantic mixed forests,2023,R22,restored,fresh,grazing,217.53,0.65,9.5e-4,8.65,21.12,10.15553
N_ELB_A2,N_ELB,11.21872812,53.12500769,north,664,European Atlantic mixed forests,2023,R22,restored,fresh,grazing,230.09,0.62,0.00117,8.65,21.12,18.12448
N_ELB_A3,N_ELB,11.21872812,53.12500769,north,664,European Atlantic mixed forests,2023,R22,restored,fresh,grazing,232.64,0.74,0.00111,8.65,21.12,15.91931
N_ELB_A4,N_ELB,11.21872812,53.12500769,north,664,European Atlantic mixed forests,2023,R22,restored,fresh,grazing,234.57,0.81,0.00132,7.74,21.12,6.58921
N_GBI_A1,N_GBI,11.21682835,52.89239537,north,664,European Atlantic mixed forests,2022,R22,positive,moist,mowing,265.1,0.42,7.1e-4,9.22,93.35,44.56815
N_GBI_A3,N_GBI,11.21682835,52.89239537,north,664,European Atlantic mixed forests,2022,R22,positive,moist,mowing,244.45,0.5,7.3e-4,9.75,22.74,81.2263
N_HOH_A3,N_HOH,11.41839008,53.07004693,north,664,European Atlantic mixed forests,2023,R22,restored,dry,both,267.02,0.43,4.5e-4,15.72,68.71,64.30386
N_HOH_A4,N_HOH,11.41839008,53.07004693,north,664,European Atlantic mixed forests,2023,R22,restored,dry,both,246.54,0.34,4.8e-4,10.73,53.27,56.25596
N_HOR_A2,N_HOR,10.18559932,53.09655483,north,664,European Atlantic mixed forests,2022,R22,restored,dry,mowing,287.58,0.47,4.5e-4,5.38,29.04,16.23608
N_ISE_A2,N_ISE,10.61617118,52.58565925,north,664,European Atlantic mixed forests,2022,R22,positive,dry,both,279.49,0.52,4.9e-4,9.6,11.32,10.79376
N_ISE_A3,N_ISE,10.61617118,52.58565925,north,664,European Atlantic mixed forests,2022,R22,positive,dry,both,221.46,0.43,0.00218,5.64,12.18,37.27973
N_JAS_A3,N_JAS,10.76861238,53.31423676,north,664,European Atlantic mixed forests,2023,R22,restored,fresh,mowing,211.83,0.44,0.00371,10.3,13.76,11.31968
N_JAS_A4,N_JAS,10.76861238,53.31423676,north,664,European Atlantic mixed forests,2023,R22,restored,fresh,mowing,237.72,0.58,0.00177,10.89,13.76,10.56214
N_KAP_A2,N_KAP,11.50973785,53.02310201,north,664,European Atlantic mixed forests,2023,R22,restored,fresh,mowing,228.11,0.41,0.00122,5.64,21.12,14.49693
N_KAP_A3,N_KAP,11.50973785,53.02310201,north,664,European Atlantic mixed forests,2023,R22,restored,fresh,mowing,256,0.38,3.9e-4,5.64,43.6,14.49693
N_KAP_A4,N_KAP,11.50973785,53.02310201,north,664,European Atlantic mixed forests,2023,R22,restored,fresh,mowing,237.49,0.37,5.7e-4,9.6,10.74,107.55081
N_KIR_A2,N_KIR,10.16907367,53.42338413,north,664,European Atlantic mixed forests,2022,R22,positive,moist,both,230.59,0.48,0.00263,5.64,5.74,122.80795
N_KIR_A3,N_KIR,10.16907367,53.42338413,north,664,European Atlantic mixed forests,2022,R22,positive,moist,both,233.95,0.48,0.00175,13.12,7.33,107.55081
N_KIR_A4,N_KIR,10.16907367,53.42338413,north,664,European Atlantic mixed forests,2022,R22,positive,moist,both,205.91,0.42,0.00336,7.31,5.11,107.55081
N_LUB_A2,N_LUB,11.1899045,52.90165593,north,664,European Atlantic mixed forests,2023,R22,restored,fresh,mowing,255.79,0.42,0.00213,9.88,68.36,162.29662
N_LUB_A3,N_LUB,11.1899045,52.90165593,north,664,European Atlantic mixed forests,2023,R22,restored,fresh,mowing,248.06,0.42,8.6e-4,7.5,157.79,16.28803
N_MAU_A1,N_MAU,11.04525958,53.09223625,north,664,European Atlantic mixed forests,2023,R22,restored,dry,mowing,230.87,0.21,7.3e-4,10.73,37.67,37.27973
N_MAU_A3,N_MAU,11.04525958,53.09223625,north,664,European Atlantic mixed forests,2023,R22,restored,dry,mowing,232.44,0.18,3.6e-4,7.05,37.54,37.27973
N_MAU_A4,N_MAU,11.04525958,53.09223625,north,664,European Atlantic mixed forests,2023,R22,restored,dry,mowing,285.17,0.29,2e-4,10.73,37.67,37.27973
N_MOO_A1,N_MOO,10.65701565,53.58911462,north,664,European Atlantic mixed forests,2023,R22,restored,fresh,mowing,207.27,0.4,0.00283,30.77,26.77,18.46227
N_MOO_A2,N_MOO,10.65701565,53.58911462,north,664,European Atlantic mixed forests,2023,R22,restored,fresh,mowing,212.03,0.4,0.00192,11.18,28.82,19.4507
N_MOO_A3,N_MOO,10.65701565,53.58911462,north,664,European Atlantic mixed forests,2023,R22,restored,fresh,mowing,209.26,0.38,0.00176,9.22,21.12,16.61953
N_MOO_A4,N_MOO,10.65701565,53.58911462,north,664,European Atlantic mixed forests,2023,R22,restored,fresh,mowing,219.76,0.4,0.00195,11.18,12.43,18.46227
N_PEV_A1,N_PEV,11.46833565,53.06540809,north,664,European Atlantic mixed forests,2022,R22,restored,dry,both,292.17,0.43,2.4e-4,9.88,14.46,44.42389
N_PEV_A2,N_PEV,11.46833565,53.06540809,north,664,European Atlantic mixed forests,2022,R22,restored,dry,both,285.11,0.42,1.5e-4,9.6,19.28,25.75445
N_PEV_A3,N_PEV,11.46833565,53.06540809,north,664,European Atlantic mixed forests,2022,R22,restored,dry,both,235.27,0.37,0.00107,25.06,104.92,107.55081
N_PEV_A4,N_PEV,11.46833565,53.06540809,north,664,European Atlantic mixed forests,2022,R22,restored,dry,both,240.61,0.54,5.6e-4,10.73,9.48,25.75445
N_RET_A1,N_RET,10.26463881,53.32578714,north,664,European Atlantic mixed forests,2022,R22,restored,moist,mowing,277.13,0.48,0.00151,5.41,10.02,28.15501
N_RET_A2,N_RET,10.26463881,53.32578714,north,664,European Atlantic mixed forests,2022,R22,restored,moist,mowing,213.34,0.42,0.00361,24.26,13.6,26.72425
N_RET_A4,N_RET,10.26463881,53.32578714,north,664,European Atlantic mixed forests,2022,R22,restored,moist,mowing,234.92,0.47,0.00196,5.41,4.9,56.25596
N_STA_A2,N_STA,10.95623026,53.23560299,north,664,European Atlantic mixed forests,2023,R22,restored,fresh,mowing,191.74,0.48,0.00347,6.2,7.95,118.64473
N_STA_A3,N_STA,10.95623026,53.23560299,north,664,European Atlantic mixed forests,2023,R22,restored,fresh,mowing,191.13,0.47,0.00485,4.97,7.69,10.39223
N_TRI_A3,N_TRI,11.0939351,53.15897651,north,664,European Atlantic mixed forests,2023,R22,negative,fresh,mowing,210.97,0.47,0.00326,9.84,108.69,44.56815
N_TRI_A4,N_TRI,11.0939351,53.15897651,north,664,European Atlantic mixed forests,2023,R22,negative,fresh,mowing,200.54,0.44,0.00512,9.75,7.66,128.57767
N_TUT_A1,N_TUT,9.934592759,53.11325527,north,664,European Atlantic mixed forests,2022,R22,restored,dry,grazing,273.24,0.46,1.6e-4,9.6,11.3,34.39574
N_TUT_A2,N_TUT,9.934592759,53.11325527,north,664,European Atlantic mixed forests,2022,R22,restored,dry,grazing,270.79,0.58,2.3e-4,9.6,125.51,16.28803
N_TUT_A3,N_TUT,9.934592759,53.11325527,north,664,European Atlantic mixed forests,2022,R22,restored,dry,grazing,274.69,0.43,8.3e-4,6.5,125.51,162.29662
N_VIE_A1,N_VIE,10.66972437,53.36600443,north,664,European Atlantic mixed forests,2022,R22,positive,dry,mowing,224.56,0.4,0.00243,6.07,18.89,24.29813
N_VIE_A2,N_VIE,10.66972437,53.36600443,north,664,European Atlantic mixed forests,2022,R22,positive,dry,mowing,225.37,0.37,0.00267,27.29,7.89,107.55081
N_WEN_A1,N_WEN,10.2886445,53.50726174,north,664,European Atlantic mixed forests,2022,R22,restored,dry,grazing,212.44,0.38,0.00266,7.78,8.72,44.56815
N_WEN_A2,N_WEN,10.2886445,53.50726174,north,664,European Atlantic mixed forests,2022,R22,restored,dry,grazing,227.71,0.43,0.00191,24.06,22.01,44.56815
N_WEN_A3,N_WEN,10.2886445,53.50726174,north,664,European Atlantic mixed forests,2022,R22,restored,dry,grazing,229.95,0.44,0.00265,5.17,10.39,28.15501
N_WEN_A4,N_WEN,10.2886445,53.50726174,north,664,European Atlantic mixed forests,2022,R22,restored,dry,grazing,209.73,0.45,0.00422,5.17,9.65,26.72425
N_WIZ_A1,N_WIZ,10.62512681,53.45419964,north,664,European Atlantic mixed forests,2023,R22,positive,dry,NA,237.56,0.57,7.8e-4,7.65,37.25,24.500610000000002
N_WIZ_A4,N_WIZ,10.62512681,53.45419964,north,664,European Atlantic mixed forests,2023,R22,positive,dry,NA,265.1,0.6,9.9e-4,12.97,37.25,38.86405
N_ZDF_A1,N_ZDF,10.03877469,53.46811983,north,664,European Atlantic mixed forests,2022,R22,restored,fresh,mowing,254.15,0.66,8.5e-4,7.72,3.32,66.4792
N_ZDF_A2,N_ZDF,10.03877469,53.46811983,north,664,European Atlantic mixed forests,2022,R22,restored,fresh,mowing,250.55,0.57,0.00149,7.72,22.74,81.2263
N_ZDF_A4,N_ZDF,10.03877469,53.46811983,north,664,European Atlantic mixed forests,2022,R22,restored,fresh,mowing,274.03,0.71,9.4e-4,7.72,22.74,28.15501
S_ACR_A1,S_ACR,12.94115244,48.76934451,south,686,Western European broadleaf forests,2022,R1A,restored,dry,mowing,195.74,0.4,0.00231,22.19,20.67,44.3388
S_ACR_A2,S_ACR,12.94115244,48.76934451,south,686,Western European broadleaf forests,2022,R1A,restored,dry,mowing,208.7,0.42,0.00243,7.18,27.24,17.44567
S_ACR_A4,S_ACR,12.94115244,48.76934451,south,686,Western European broadleaf forests,2022,R1A,restored,dry,mowing,208.39,0.3,0.00238,6.34,20.74,19.08157
S_AFR_A2,S_AFR,12.19621171,48.43163073,south,686,Western European broadleaf forests,2023,R22,restored,fresh,mowing,270.8,0.6,6.9e-4,7.72,17.8,77.09859
S_AFR_A3,S_AFR,12.19621171,48.43163073,south,686,Western European broadleaf forests,2023,R22,restored,fresh,mowing,281.22,0.72,7.3e-4,5.41,17.8,26.72425
S_AFR_A4,S_AFR,12.19621171,48.43163073,south,686,Western European broadleaf forests,2023,R22,restored,fresh,mowing,273.46,0.43,7e-4,10.88,21.12,107.55081
S_AMP_A4,S_AMP,11.728948,48.45557417,south,686,Western European broadleaf forests,2023,R22,positive,moist,mowing,240.1,0.5,0.0016,8.75,45.73,77.09859
S_AUH_A2,S_AUH,12.7596479,48.60586598,south,686,Western European broadleaf forests,2022,R1A,restored,dry,mowing,204.19,0.36,0.00296,14.98,35.99,24.49411
S_AUH_A3,S_AUH,12.7596479,48.60586598,south,686,Western European broadleaf forests,2022,R1A,restored,dry,mowing,220.99,0.3,0.00192,24.51,12.62,13.75422
S_AUH_A4,S_AUH,12.7596479,48.60586598,south,686,Western European broadleaf forests,2022,R1A,restored,dry,mowing,213.36,0.38,0.00242,14.98,45.49,13.75422
S_AUL_A1,S_AUL,12.21921022,48.57198665,south,686,Western European broadleaf forests,2022,R22,restored,fresh,mowing,220.73,0.45,0.00241,9.11,21.12,65.65601
S_AUL_A3,S_AUL,12.21921022,48.57198665,south,686,Western European broadleaf forests,2022,R22,restored,fresh,mowing,237.04,0.5,0.00167,9.11,21.12,22.75797
S_AUL_A4,S_AUL,12.21921022,48.57198665,south,686,Western European broadleaf forests,2022,R22,restored,fresh,mowing,220.7,0.45,0.00202,9.19,21.12,77.09859
S_BUC_A1,S_BUC,12.91594009,48.25495346,south,686,Western European broadleaf forests,2022,R22,restored,dry,mowing,246.9,0.33,7.4e-4,8.28,22.48,64.30386
S_BUC_A2,S_BUC,12.91594009,48.25495346,south,686,Western European broadleaf forests,2022,R22,restored,dry,mowing,270.5,0.43,5.9e-4,6.07,21.12,44.56815
S_BUC_A3,S_BUC,12.91594009,48.25495346,south,686,Western European broadleaf forests,2022,R22,restored,dry,mowing,268.58,0.44,9e-4,6.07,12.43,22.79339
S_BUC_A4,S_BUC,12.91594009,48.25495346,south,686,Western European broadleaf forests,2022,R22,restored,dry,mowing,268.87,0.49,7.5e-4,10.97,11.08,37.27973
S_DIE_A4,S_DIE,11.68287532,48.27532086,south,686,Western European broadleaf forests,2022,R22,negative,dry,mowing,271.21,0.65,6.3e-4,3.97,22.74,28.15501
S_ECH_A1,S_ECH,11.64420748,48.27851352,south,686,Western European broadleaf forests,2022,R1A,restored,dry,mowing,222.91,0.34,0.00171,17.12,81.34,24.20282
S_ECH_A2,S_ECH,11.64420748,48.27851352,south,686,Western European broadleaf forests,2022,R1A,restored,dry,mowing,217.88,0.35,0.00174,11.87,43.36,24.20282
S_ECH_A4,S_ECH,11.64420748,48.27851352,south,686,Western European broadleaf forests,2022,R1A,restored,dry,mowing,209.93,0.36,0.00195,13.37,26.37,17.44567
S_EIT_A1,S_EIT,12.33237085,48.8117411,south,686,Western European broadleaf forests,2023,R22,positive,fresh,mowing,252.03,0.52,0.00108,5.41,43.6,12.90401
S_FCH_A1,S_FCH,12.99798414,48.7778517,south,686,Western European broadleaf forests,2022,R22,restored,fresh,mowing,241.85,0.44,0.00128,12.98,43.18,114.20122
S_FCH_A3,S_FCH,12.99798414,48.7778517,south,686,Western European broadleaf forests,2022,R22,restored,fresh,mowing,232.03,0.55,0.00101,5.56,21.12,17.44567
S_FCH_A4,S_FCH,12.99798414,48.7778517,south,686,Western European broadleaf forests,2022,R22,restored,fresh,mowing,234.56,0.5,0.00158,9.55,27.62,23.56756
S_GIG_A1,S_GIG,11.67758768,48.36299592,south,686,Western European broadleaf forests,2022,R22,restored,fresh,mowing,274.54,0.65,5.3e-4,8.07,5.98,23.04331
S_GSH_A4,S_GSH,12.23745702,48.48982286,south,686,Western European broadleaf forests,2022,R22,restored,fresh,mowing,259.8,0.5,0.00114,27.68,27.62,37.27973
S_GSR_A1,S_GSR,12.33541826,48.80917261,south,686,Western European broadleaf forests,2023,R22,restored,fresh,mowing,280.69,0.67,0.00109,7.38,21.12,16.33961
S_GTZ_A4,S_GTZ,12.91075347,48.28923404,south,686,Western European broadleaf forests,2022,R22,restored,moist,mowing,280.71,0.49,2.6e-4,25.39,23.1,17.33117
S_HGR_A4,S_HGR,12.17203485,48.53001885,south,686,Western European broadleaf forests,2022,R22,negative,fresh,mowing,279.37,0.61,6.1e-4,33.03,17.8,92.77003
S_HTH_A3,S_HTH,12.35473657,48.61669657,south,686,Western European broadleaf forests,2023,R1A,restored,dry,mowing,214.1,0.42,0.00138,13,21.14,26.42342
S_HTH_A4,S_HTH,12.35473657,48.61669657,south,686,Western European broadleaf forests,2023,R22,restored,dry,mowing,209.52,0.45,0.00256,13,23.69,16.38708
S_HUB_A2,S_HUB,12.72431246,48.40861092,south,686,Western European broadleaf forests,2023,R22,restored,dry,mowing,242,0.42,0.0011,19.41,21.12,55.5781
S_HUB_A3,S_HUB,12.72431246,48.40861092,south,686,Western European broadleaf forests,2023,R22,restored,dry,mowing,203.76,0.33,0.00215,10.73,12.84,24.49411
S_HUB_A4,S_HUB,12.72431246,48.40861092,south,686,Western European broadleaf forests,2023,R22,restored,dry,mowing,240.91,0.38,0.00118,11.04,9.75,28.33968
S_JAU_A3,S_JAU,12.71231385,48.50161319,south,686,Western European broadleaf forests,2022,R22,restored,fresh,mowing,249.37,0.46,9.1e-4,5.64,21.12,34.84501
S_JAU_A4,S_JAU,12.71231385,48.50161319,south,686,Western European broadleaf forests,2022,R22,restored,fresh,mowing,247.7,0.45,0.00106,5.64,11.08,107.55081
S_JHB_A2,S_JHB,12.47326098,48.47581201,south,686,Western European broadleaf forests,2023,R22,restored,moist,mowing,246.39,0.53,8.4e-4,5.97,45.73,26.72425
S_JHB_A4,S_JHB,12.47326098,48.47581201,south,686,Western European broadleaf forests,2023,R22,restored,moist,mowing,253.96,0.54,7.1e-4,5.71,21.12,26.72425
S_KDT_A1,S_KDT,11.88897373,48.77168548,south,686,Western European broadleaf forests,2023,R22,positive,fresh,mowing,226.64,0.48,0.00116,7.72,21.12,90.03656
S_KDT_A3,S_KDT,11.88897373,48.77168548,south,686,Western European broadleaf forests,2023,R22,positive,fresh,mowing,235.27,0.39,0.00112,25.78,47.69,185.51455
S_KRT_A3,S_KRT,11.61319851,48.43912991,south,686,Western European broadleaf forests,2023,R22,restored,dry,both,236.13,0.5,0.00204,21.7,52.12,39.31635
S_KRT_A4,S_KRT,11.61319851,48.43912991,south,686,Western European broadleaf forests,2023,R1A,restored,dry,both,176.14,0.26,0.00183,20.25,20.01,13.75422
S_LAP_A1,S_LAP,12.09402349,48.54027517,south,686,Western European broadleaf forests,2023,R22,restored,fresh,mowing,260.95,0.72,0.00236,5.76,24.26,92.77003
S_LPI_A1,S_LPI,12.7908912,48.69968268,south,686,Western European broadleaf forests,2023,R1A,restored,dry,mowing,200.82,0.38,0.00206,6.27,10.93,17.03133
S_LPI_A2,S_LPI,12.7908912,48.69968268,south,686,Western European broadleaf forests,2023,R22,restored,dry,mowing,234.44,0.47,0.00178,10.3,43.18,26.42342
S_LPI_A4,S_LPI,12.7908912,48.69968268,south,686,Western European broadleaf forests,2023,R1A,restored,dry,mowing,216.49,0.4,0.00249,8.74,48.44,19.04631
S_MAS_A4,S_MAS,11.6437404,48.33687532,south,686,Western European broadleaf forests,2023,R22,restored,moist,mowing,248.98,0.52,0.00152,7.72,12.43,26.72425
S_MBM_A1,S_MBM,12.30389712,48.62358624,south,686,Western European broadleaf forests,2022,R1A,restored,moist,mowing,200.65,0.35,0.0011,7.44,16.8,90.03656
S_MBM_A2,S_MBM,12.30389712,48.62358624,south,686,Western European broadleaf forests,2022,R1A,restored,moist,mowing,219.38,0.4,0.00154,7.44,16.8,13.75422
S_MBM_A3,S_MBM,12.30389712,48.62358624,south,686,Western European broadleaf forests,2022,R1A,restored,moist,mowing,217.19,0.58,0.00119,6.57,21.89,114.20122
S_MCH_A1,S_MCH,12.07870896,48.53248617,south,686,Western European broadleaf forests,2023,R22,restored,fresh,mowing,204.53,0.48,0.00209,25.88,21.12,60.15062
S_MCH_A2,S_MCH,12.07870896,48.53248617,south,686,Western European broadleaf forests,2023,R22,restored,fresh,mowing,214.38,0.47,0.00172,191.64,21.12,65.65601
S_MCH_A3,S_MCH,12.07870896,48.53248617,south,686,Western European broadleaf forests,2023,R22,restored,fresh,mowing,220.38,0.47,0.00125,36.72,21.12,65.65601
S_MCH_A4,S_MCH,12.07870896,48.53248617,south,686,Western European broadleaf forests,2023,R22,restored,fresh,mowing,224.06,0.49,0.00187,25.94,21.12,72.51469
S_MTK_A4,S_MTK,12.71665297,48.35337998,south,686,Western European broadleaf forests,2023,R22,positive,fresh,mowing,250.85,0.49,4.8e-4,8.05,26.51,37.27973
S_OST_A2,S_OST,13.0299326,48.69049221,south,686,Western European broadleaf forests,2023,R22,restored,moist,mowing,233.6,0.43,8.9e-4,17.81,43.36,35.74697
S_OSW_A1,S_OSW,12.77263565,48.34503539,south,686,Western European broadleaf forests,2023,R22,restored,fresh,mowing,225.84,0.43,0.00121,8.05,22.74,10.79376
S_OSW_A2,S_OSW,12.77263565,48.34503539,south,686,Western European broadleaf forests,2023,R22,restored,fresh,mowing,246.29,0.41,0.001,8.05,12.84,22.79339
S_OSW_A4,S_OSW,12.77263565,48.34503539,south,686,Western European broadleaf forests,2023,R22,restored,fresh,mowing,248.56,0.43,6.9e-4,11.08,6.74,19.19681
S_PEI_A1,S_PEI,12.04598848,48.91343401,south,686,Western European broadleaf forests,2022,R22,restored,fresh,mowing,218.69,0.42,8.6e-4,5.72,43.6,44.56815
S_PEI_A2,S_PEI,12.04598848,48.91343401,south,686,Western European broadleaf forests,2022,R22,restored,fresh,mowing,231.3,0.48,8.6e-4,5.64,22.74,12.14919
S_PEN_A3,S_PEN,12.08385737,48.91885874,south,686,Western European broadleaf forests,2022,R22,negative,moist,mowing,221.7,0.49,8.4e-4,25.78,29.84,16.34421
S_PEN_A4,S_PEN,12.08385737,48.91885874,south,686,Western European broadleaf forests,2022,R22,negative,moist,mowing,248.37,0.48,0.00173,25.39,24.87,27.24964
S_POP_A1,S_POP,12.752462,48.34326695,south,686,Western European broadleaf forests,2023,R22,restored,fresh,mowing,277.64,0.59,5.5e-4,4.34,21.12,23.04331
S_POP_A2,S_POP,12.752462,48.34326695,south,686,Western European broadleaf forests,2023,R22,restored,fresh,mowing,255.53,0.42,8.2e-4,5.41,21.12,23.04331
S_POP_A3,S_POP,12.752462,48.34326695,south,686,Western European broadleaf forests,2023,R22,restored,fresh,mowing,255.84,0.48,7.9e-4,4.34,21.12,23.04331
S_POP_A4,S_POP,12.752462,48.34326695,south,686,Western European broadleaf forests,2023,R22,restored,fresh,mowing,238.53,0.42,8e-4,4.34,21.12,77.09859
S_SBA_A2,S_SBA,12.91630909,48.22090622,south,686,Western European broadleaf forests,2022,R1A,positive,dry,mowing,204.21,0.38,7.5e-4,17.12,26.37,108.64715
S_SBA_A3,S_SBA,12.91630909,48.22090622,south,686,Western European broadleaf forests,2022,R1A,positive,dry,mowing,214.05,0.36,9.7e-4,8.47,27.62,147.5485
S_SBA_A4,S_SBA,12.91630909,48.22090622,south,686,Western European broadleaf forests,2022,R1A,positive,dry,mowing,209.78,0.3,0.00229,13.16,57.77,965.86803
S_SBN_A1,S_SBN,12.91495514,48.2218162,south,686,Western European broadleaf forests,2022,R1A,restored,dry,mowing,193.86,0.27,0.001,6.88,89.49,44.3388
S_SBN_A2,S_SBN,12.91495514,48.2218162,south,686,Western European broadleaf forests,2022,R1A,restored,dry,mowing,199.45,0.32,9.4e-4,15.28,73.38,965.86803
S_SBN_A3,S_SBN,12.91495514,48.2218162,south,686,Western European broadleaf forests,2022,R1A,restored,dry,mowing,202.82,0.3,7.7e-4,15.28,73.38,147.5485
S_SBN_A4,S_SBN,12.91495514,48.2218162,south,686,Western European broadleaf forests,2022,R1A,restored,dry,mowing,200.05,0.33,8e-4,11.48,120.41,108.64715
S_SHH_A3,S_SHH,11.80223937,48.84317953,south,686,Western European broadleaf forests,2022,R22,restored,dry,grazing,220.18,0.29,6.2e-4,17.12,37.67,24.20282
S_SHH_A4,S_SHH,11.80223937,48.84317953,south,686,Western European broadleaf forests,2022,R22,restored,dry,grazing,251.04,0.41,7.3e-4,17.12,81.34,22.79339
S_SIM_A2,S_SIM,13.00670297,48.27852534,south,686,Western European broadleaf forests,2023,R22,positive,fresh,mowing,230.13,0.53,0.00139,10.73,44.79,12.8461
S_SIM_A3,S_SIM,13.00670297,48.27852534,south,686,Western European broadleaf forests,2023,R22,positive,fresh,mowing,229.27,0.41,0.0011,10.73,48.56,55.5781
S_SIM_A4,S_SIM,13.00670297,48.27852534,south,686,Western European broadleaf forests,2023,R1A,positive,fresh,mowing,234.56,0.48,0.00248,5.39,49.58,94.93151
S_TIE_A1,S_TIE,12.09043374,48.51097382,south,686,Western European broadleaf forests,2023,R22,restored,fresh,mowing,266.18,0.53,0.00168,5.45,21.12,10.24089
S_TIE_A2,S_TIE,12.09043374,48.51097382,south,686,Western European broadleaf forests,2023,R22,restored,fresh,mowing,243.41,0.51,0.002,6.98,21.12,10.24089
S_TIE_A3,S_TIE,12.09043374,48.51097382,south,686,Western European broadleaf forests,2023,R22,restored,fresh,mowing,234.24,0.48,0.00217,6.98,11.08,11.47425
S_UKB_A2,S_UKB,11.57301044,48.43279483,south,686,Western European broadleaf forests,2023,R22,negative,fresh,mowing,223.16,0.49,8.8e-4,60.38,43.6,20.04222
S_UKB_A4,S_UKB,11.57301044,48.43279483,south,686,Western European broadleaf forests,2023,R22,negative,fresh,mowing,228.47,0.5,0.00111,75.38,43.6,28.15501
S_VLR_A2,S_VLR,12.91962329,48.63645504,south,686,Western European broadleaf forests,2022,R22,restored,fresh,mowing,263.17,0.49,0.00117,8.12,22.74,27.24964
S_WGD_A1,S_WGD,12.43641984,48.56602654,south,686,Western European broadleaf forests,2022,R22,restored,fresh,mowing,236.14,0.62,0.00166,7.08,12.43,18.46227
S_WGD_A2,S_WGD,12.43641984,48.56602654,south,686,Western European broadleaf forests,2022,R22,restored,fresh,mowing,247.07,0.67,0.00205,9.11,21.12,21.53837
S_WGD_A3,S_WGD,12.43641984,48.56602654,south,686,Western European broadleaf forests,2022,R22,restored,fresh,mowing,224.59,0.5,0.00109,7.08,12.43,24.97891
S_WGD_A4,S_WGD,12.43641984,48.56602654,south,686,Western European broadleaf forests,2022,R22,restored,fresh,mowing,237.3,0.48,0.00105,9.77,21.12,10.15553
S_WNG_A1,S_WNG,12.37349432,48.65857576,south,686,Western European broadleaf forests,2023,R1A,positive,dry,mowing,205.24,0.34,0.00254,8.38,23.69,16.38708
S_WNG_A2,S_WNG,12.37349432,48.65857576,south,686,Western European broadleaf forests,2023,R1A,positive,dry,mowing,210.27,0.39,0.00188,8.38,23.69,18.32584
S_WNG_A3,S_WNG,12.37349432,48.65857576,south,686,Western European broadleaf forests,2023,R1A,positive,dry,mowing,178.1,0.29,0.00336,11.96,17.27,19.08157
S_WNG_A4,S_WNG,12.37349432,48.65857576,south,686,Western European broadleaf forests,2023,R1A,positive,dry,mowing,189.03,0.31,0.00244,11.87,20.08,23.628
S_WNK_A2,S_WNK,13.05049386,48.28204403,south,686,Western European broadleaf forests,2023,R22,restored,fresh,mowing,249.39,0.39,8.6e-4,8.05,60.22,55.5781
S_WTH_A4,S_WTH,12.96174849,48.80605399,south,686,Western European broadleaf forests,2022,R22,restored,moist,mowing,257.19,0.45,0.00172,7.72,12.84,43.21683
S_WTZ_A1,S_WTZ,12.87799591,48.35616758,south,686,Western European broadleaf forests,2023,R22,restored,fresh,mowing,293.08,0.47,4.8e-4,9.6,12.84,16.42974
S_WTZ_A2,S_WTZ,12.87799591,48.35616758,south,686,Western European broadleaf forests,2023,R22,restored,fresh,mowing,286.11,0.45,5e-4,13.07,13.83,19.08438
S_WTZ_A3,S_WTZ,12.87799591,48.35616758,south,686,Western European broadleaf forests,2023,R22,restored,fresh,mowing,282.56,0.41,4.6e-4,7.76,9.78,22.79339
