id.plot,id.site,longitude,latitude,region,eco.id,eco.name,obs.year,esy4,site.type,hydrology,mngm.type,cwm.abu.sla,cwm.abu.height,cwm.abu.seedmass
M_ALT_A1,M_ALT,11.74807035,51.82958952,centre,654,Central European mixed forests,2022,V38,negative,moist,mowing,206.12,0.5,0.00179
M_ALT_A2,M_ALT,11.74807035,51.82958952,centre,654,Central European mixed forests,2022,R22,negative,moist,mowing,228.39,0.69,0.00176
M_ALT_A3,M_ALT,11.74807035,51.82958952,centre,654,Central European mixed forests,2022,R22,negative,moist,mowing,219.48,0.73,0.0018
M_ALT_A4,M_ALT,11.74807035,51.82958952,centre,654,Central European mixed forests,2022,R,negative,moist,mowing,210.66,0.6,0.00193
M_ASE_A1,M_ASE,11.66707081,51.47886224,centre,654,Central European mixed forests,2023,V,restored,fresh,none,212.2,0.52,0.00271
M_ASE_A2,M_ASE,11.66707081,51.47886224,centre,654,Central European mixed forests,2023,V,restored,fresh,none,226.69,0.54,0.00228
M_ASE_A3,M_ASE,11.66707081,51.47886224,centre,654,Central European mixed forests,2023,V,restored,fresh,none,242.1,0.57,0.00173
M_ASE_A4,M_ASE,11.66707081,51.47886224,centre,654,Central European mixed forests,2023,V,restored,fresh,none,250.17,0.42,0.00256
M_BAD_A1,M_BAD,11.59227903,51.32216743,centre,654,Central European mixed forests,2022,R1A,restored,dry,grazing,188.06,0.17,0.00177
M_BAD_A2,M_BAD,11.59227903,51.32216743,centre,654,Central European mixed forests,2022,R1A,restored,dry,grazing,165.93,0.16,0.00297
M_BAD_A3,M_BAD,11.59227903,51.32216743,centre,654,Central European mixed forests,2022,R1A,restored,dry,grazing,174.03,0.15,9.4e-4
M_BAD_A4,M_BAD,11.59227903,51.32216743,centre,654,Central European mixed forests,2022,R1A,restored,dry,grazing,190.88,0.15,0.00093000000000000005
M_BAL_A1,M_BAL,11.70893906,51.2084909,centre,654,Central European mixed forests,2023,R,negative,fresh,none,256.65,0.52,0.00153
M_BAL_A2,M_BAL,11.70893906,51.2084909,centre,654,Central European mixed forests,2023,R,negative,fresh,none,264.81,0.65,0.00247
M_BAL_A3,M_BAL,11.70893906,51.2084909,centre,654,Central European mixed forests,2023,R,negative,fresh,none,257.35,0.53,0.00192
M_BAL_A4,M_BAL,11.70893906,51.2084909,centre,654,Central European mixed forests,2023,R,negative,fresh,none,285.42,0.7,0.00174
M_BEE_A1,M_BEE,11.70097692,51.72492772,centre,654,Central European mixed forests,2023,V,restored,fresh,mowing,231.95,0.58,0.00201
M_BEE_A2,M_BEE,11.70097692,51.72492772,centre,654,Central European mixed forests,2023,V37,restored,fresh,mowing,238.18,0.4,0.00159
M_BEE_A3,M_BEE,11.70097692,51.72492772,centre,654,Central European mixed forests,2023,V,restored,fresh,mowing,223.17,0.51,0.00145
M_BEE_A4,M_BEE,11.70097692,51.72492772,centre,654,Central European mixed forests,2023,R,restored,fresh,mowing,224.42,0.33,0.0014
M_BEN_A1,M_BEN,11.86002024,51.48599594,centre,654,Central European mixed forests,2022,V38,restored,fresh,mowing,217.28,0.52,0.00133
M_BEN_A2,M_BEN,11.86002024,51.48599594,centre,654,Central European mixed forests,2022,V38,restored,fresh,mowing,227.2,0.56,0.0014
M_BEN_A3,M_BEN,11.86002024,51.48599594,centre,654,Central European mixed forests,2022,V38,restored,fresh,mowing,212.45,0.5,0.00169
M_BEN_A4,M_BEN,11.86002024,51.48599594,centre,654,Central European mixed forests,2022,R,restored,fresh,mowing,225.81,0.56,0.00148
M_BIR_A1,M_BIR,12.37165595,51.82300851,centre,654,Central European mixed forests,2023,R22,positive,fresh,mowing,213.88,0.59,0.00168
M_BIR_A2,M_BIR,12.37165595,51.82300851,centre,654,Central European mixed forests,2023,R1A,positive,fresh,mowing,195.38,0.28,0.00128
M_BIR_A3,M_BIR,12.37165595,51.82300851,centre,654,Central European mixed forests,2023,R,positive,fresh,mowing,247.28,0.54,0.00163
M_BIR_A4,M_BIR,12.37165595,51.82300851,centre,654,Central European mixed forests,2023,R,positive,fresh,mowing,219.05,0.63,0.00254
M_BOD_A1,M_BOD,11.72985443,51.83255624,centre,654,Central European mixed forests,2023,R,negative,fresh,both,238.7,0.58,0.00574
M_BOD_A2,M_BOD,11.72985443,51.83255624,centre,654,Central European mixed forests,2023,R,negative,fresh,both,256.04,0.64,0.00297
M_BOD_A3,M_BOD,11.72985443,51.83255624,centre,654,Central European mixed forests,2023,R22,negative,fresh,both,260.6,0.72,0.00161
M_BOD_A4,M_BOD,11.72985443,51.83255624,centre,654,Central European mixed forests,2023,R22,negative,fresh,both,255.71,0.49,0.0018
M_BRA_A1,M_BRA,11.86698516,51.54885765,centre,654,Central European mixed forests,2023,R,restored,dry,both,292.11,0.44,0.00982
M_BRA_A2,M_BRA,11.86698516,51.54885765,centre,654,Central European mixed forests,2023,R,restored,dry,both,235.66,0.38,0.0045
M_BRA_A3,M_BRA,11.86698516,51.54885765,centre,654,Central European mixed forests,2023,R,restored,dry,both,190.48,0.3,6.9e-4
M_BRA_A4,M_BRA,11.86698516,51.54885765,centre,654,Central European mixed forests,2023,R1A,restored,dry,both,245.27,0.41,0.00503
M_BUH_A1,M_BUH,10.60948255,52.00891,centre,654,Central European mixed forests,2022,R22,restored,fresh,both,235,0.57,9.4e-4
M_BUH_A2,M_BUH,10.60948255,52.00891,centre,654,Central European mixed forests,2022,R,restored,fresh,both,219.8,0.49,8.9e-4
M_BUH_A3,M_BUH,10.60948255,52.00891,centre,654,Central European mixed forests,2022,R,restored,fresh,both,221.3,0.55,0.00101
M_BUH_A4,M_BUH,10.60948255,52.00891,centre,654,Central European mixed forests,2022,R,restored,fresh,both,215.29,0.52,7.9e-4
M_CAL_A1,M_CAL,11.8127823,51.91316941,centre,654,Central European mixed forests,2022,R22,restored,fresh,mowing,226.02,0.68,9.8e-4
M_CAL_A2,M_CAL,11.8127823,51.91316941,centre,654,Central European mixed forests,2022,R22,restored,fresh,mowing,216.92,0.5,7.3e-4
M_CAL_A3,M_CAL,11.8127823,51.91316941,centre,654,Central European mixed forests,2022,R22,restored,fresh,mowing,197.15,0.58,3.7e-4
M_CAL_A4,M_CAL,11.8127823,51.91316941,centre,654,Central European mixed forests,2022,R,restored,fresh,mowing,217.16,0.58,6.5e-4
M_CBE_A1,M_CBE,11.81622602,51.91392502,centre,654,Central European mixed forests,2022,R,negative,fresh,mowing,253.59,0.37,0.00093000000000000005
M_CBE_A2,M_CBE,11.81622602,51.91392502,centre,654,Central European mixed forests,2022,R,negative,fresh,mowing,232.75,0.61,0.00376
M_CBE_A3,M_CBE,11.81622602,51.91392502,centre,654,Central European mixed forests,2022,R,negative,fresh,mowing,247.72,0.47,0.00333
M_CBE_A4,M_CBE,11.81622602,51.91392502,centre,654,Central European mixed forests,2022,R,negative,fresh,mowing,253.97,0.71,0.00236
M_DOB_A1,M_DOB,11.76306711,51.62001263,centre,654,Central European mixed forests,2022,R,restored,dry,mowing,203.38,0.47,6.4e-4
M_DOB_A2,M_DOB,11.76306711,51.62001263,centre,654,Central European mixed forests,2022,R1A,restored,dry,mowing,220.41,0.46,8.2e-4
M_DOB_A3,M_DOB,11.76306711,51.62001263,centre,654,Central European mixed forests,2022,R,restored,dry,mowing,191.64,0.45,8.5e-4
M_DOB_A4,M_DOB,11.76306711,51.62001263,centre,654,Central European mixed forests,2022,R,restored,dry,mowing,200.88,0.49,0.0013
M_DOR_A1,M_DOR,11.81450305,51.64508573,centre,654,Central European mixed forests,2022,R22,restored,fresh,mowing,205.18,0.5,0.00161
M_DOR_A2,M_DOR,11.81450305,51.64508573,centre,654,Central European mixed forests,2022,R,restored,fresh,mowing,216.32,0.64,0.00101
M_DOR_A3,M_DOR,11.81450305,51.64508573,centre,654,Central European mixed forests,2022,R22,restored,fresh,mowing,251.21,0.71,0.0023
M_DOR_A4,M_DOR,11.81450305,51.64508573,centre,654,Central European mixed forests,2022,R,restored,fresh,mowing,252.28,0.79,0.00153
M_EIC_A1,M_EIC,12.18899395,51.85716614,centre,654,Central European mixed forests,2023,R,negative,fresh,both,245.39,0.49,0.00614
M_EIC_A2,M_EIC,12.18899395,51.85716614,centre,654,Central European mixed forests,2023,R,negative,fresh,both,238.55,0.59,0.00143
M_EIC_A3,M_EIC,12.18899395,51.85716614,centre,654,Central European mixed forests,2023,V,negative,fresh,both,239.06,0.45,0.00925
M_EIC_A4,M_EIC,12.18899395,51.85716614,centre,654,Central European mixed forests,2023,R,negative,fresh,both,230.57,0.44,0.00188
M_FAL_A1,M_FAL,11.35946299,51.74746391,centre,654,Central European mixed forests,2023,R22,restored,fresh,mowing,238.81,0.6,0.00137
M_FAL_A2,M_FAL,11.35946299,51.74746391,centre,654,Central European mixed forests,2023,V,restored,fresh,mowing,216.78,0.4,0.0012
M_FAL_A3,M_FAL,11.35946299,51.74746391,centre,654,Central European mixed forests,2023,R,restored,fresh,mowing,226.99,0.58,0.00201
M_FAL_A4,M_FAL,11.35946299,51.74746391,centre,654,Central European mixed forests,2023,R22,restored,fresh,mowing,221.17,0.49,0.00118
M_FRB_A1,M_FRB,11.73327072,51.62485865,centre,654,Central European mixed forests,2023,R,restored,dry,grazing,156.38,0.28,0.00235
M_FRB_A2,M_FRB,11.73327072,51.62485865,centre,654,Central European mixed forests,2023,V11,restored,dry,grazing,193.14,0.28,0.0014
M_FRB_A3,M_FRB,11.73327072,51.62485865,centre,654,Central European mixed forests,2023,R1A,restored,dry,grazing,165.22,0.27,0.00272
M_FRB_A4,M_FRB,11.73327072,51.62485865,centre,654,Central European mixed forests,2023,R,restored,dry,grazing,192.22,0.34,0.00244
M_GRO_A1,M_GRO,11.68390121,51.76579064,centre,654,Central European mixed forests,2022,R22,restored,fresh,both,265.26,0.65,0.00169
M_GRO_A2,M_GRO,11.68390121,51.76579064,centre,654,Central European mixed forests,2022,R22,restored,fresh,both,264.81,0.72,0.00212
M_GRO_A3,M_GRO,11.68390121,51.76579064,centre,654,Central European mixed forests,2022,R,restored,fresh,both,271.65,0.82,0.00219
M_GRO_A4,M_GRO,11.68390121,51.76579064,centre,654,Central European mixed forests,2022,R,restored,fresh,both,270.95,1,0.00264
M_HAH_A1,M_HAH,11.62972068,51.30873546,centre,654,Central European mixed forests,2023,R1A,positive,dry,none,159.63,0.22,6e-4
M_HAH_A2,M_HAH,11.62972068,51.30873546,centre,654,Central European mixed forests,2023,R1A,positive,dry,none,193.88,0.16,8.6e-4
M_HAH_A3,M_HAH,11.62972068,51.30873546,centre,654,Central European mixed forests,2023,R,positive,dry,none,178.95,0.11,0.00155
M_HAH_A4,M_HAH,11.62972068,51.30873546,centre,654,Central European mixed forests,2023,R1A,positive,dry,none,189.64,0.1,2.5e-4
M_HAR_A1,M_HAR,11.08520296,51.82462193,centre,654,Central European mixed forests,2023,R,restored,fresh,mowing,203.45,0.53,0.00338
M_HAR_A2,M_HAR,11.08520296,51.82462193,centre,654,Central European mixed forests,2023,R,restored,fresh,mowing,216.28,0.56,0.00333
M_HAR_A3,M_HAR,11.08520296,51.82462193,centre,654,Central European mixed forests,2023,R,restored,fresh,mowing,217.39,0.63,0.00297
M_HAR_A4,M_HAR,11.08520296,51.82462193,centre,654,Central European mixed forests,2023,R22,restored,fresh,mowing,239.88,0.68,0.0029
M_HIR_A1,M_HIR,11.68710429,51.1981926,centre,654,Central European mixed forests,2022,R1A,restored,dry,grazing,204.59,0.35,0.00118
M_HIR_A2,M_HIR,11.68710429,51.1981926,centre,654,Central European mixed forests,2022,?,restored,dry,grazing,207.06,0.4,0.00144
M_HIR_A3,M_HIR,11.68710429,51.1981926,centre,654,Central European mixed forests,2022,R1A,restored,dry,grazing,224.03,0.42,0.00166
M_HIR_A4,M_HIR,11.68710429,51.1981926,centre,654,Central European mixed forests,2022,R1A,restored,dry,grazing,210.04,0.41,0.00125
M_HNB_A1,M_HNB,11.77775515,51.2062993,centre,654,Central European mixed forests,2023,R1A,restored,dry,grazing,180.11,0.35,0.00154
M_HNB_A2,M_HNB,11.77775515,51.2062993,centre,654,Central European mixed forests,2023,R1A,restored,dry,grazing,183.81,0.35,0.00254
M_HNB_A3,M_HNB,11.77775515,51.2062993,centre,654,Central European mixed forests,2023,R1A,restored,dry,grazing,189.61,0.21,0.00196
M_HNB_A4,M_HNB,11.77775515,51.2062993,centre,654,Central European mixed forests,2023,R1A,restored,dry,grazing,203.68,0.32,0.00173
M_HOH_A1,M_HOH,11.65059088,51.85418882,centre,654,Central European mixed forests,2022,V,restored,moist,mowing,176.05,0.54,0.00202
M_HOH_A2,M_HOH,11.65059088,51.85418882,centre,654,Central European mixed forests,2022,R22,restored,moist,mowing,200.88,0.4,0.00233
M_HOH_A3,M_HOH,11.65059088,51.85418882,centre,654,Central European mixed forests,2022,R,restored,moist,mowing,232.87,0.49,0.00102
M_HOH_A4,M_HOH,11.65059088,51.85418882,centre,654,Central European mixed forests,2022,R,restored,moist,mowing,234.91,0.47,4.5e-4
M_ILB_A1,M_ILB,11.65441561,51.82311226,centre,654,Central European mixed forests,2023,R22,restored,fresh,mowing,236.13,0.37,0.0012
M_ILB_A2,M_ILB,11.65441561,51.82311226,centre,654,Central European mixed forests,2023,R,restored,fresh,mowing,214.74,0.4,0.00215
M_ILB_A3,M_ILB,11.65441561,51.82311226,centre,654,Central European mixed forests,2023,R22,restored,fresh,mowing,248.12,0.34,7.3e-4
M_ILB_A4,M_ILB,11.65441561,51.82311226,centre,654,Central European mixed forests,2023,R,restored,fresh,mowing,237,0.31,9.6e-4
M_JEP_A1,M_JEP,12.02312125,52.4791434,centre,654,Central European mixed forests,2023,R,positive,fresh,mowing,169.86,0.48,0.00204
M_JEP_A2,M_JEP,12.02312125,52.4791434,centre,654,Central European mixed forests,2023,R,positive,fresh,mowing,162.94,0.48,0.00273
M_JEP_A3,M_JEP,12.02312125,52.4791434,centre,654,Central European mixed forests,2023,R,positive,fresh,mowing,208.3,0.43,0.00165
M_JEP_A4,M_JEP,12.02312125,52.4791434,centre,654,Central European mixed forests,2023,R,positive,fresh,mowing,158.94,0.48,0.00266
M_JER_A1,M_JER,12.01639122,52.48309646,centre,654,Central European mixed forests,2023,V37,restored,fresh,mowing,234.74,0.36,5.8e-4
M_JER_A2,M_JER,12.01639122,52.48309646,centre,654,Central European mixed forests,2023,V32,restored,fresh,mowing,237.63,0.32,0.00148
M_JER_A3,M_JER,12.01639122,52.48309646,centre,654,Central European mixed forests,2023,V32,restored,fresh,mowing,287.55,0.22,6.7e-4
M_JER_A4,M_JER,12.01639122,52.48309646,centre,654,Central European mixed forests,2023,R1P,restored,fresh,mowing,202.26,0.26,4.2e-4
M_KAP_A1,M_KAP,12.23992028,51.87819202,centre,654,Central European mixed forests,2023,R,negative,fresh,mowing,252.64,0.58,0.00716
M_KAP_A2,M_KAP,12.23992028,51.87819202,centre,654,Central European mixed forests,2023,R,negative,fresh,mowing,239.45,0.63,0.00447
M_KAP_A3,M_KAP,12.23992028,51.87819202,centre,654,Central European mixed forests,2023,R,negative,fresh,mowing,235.36,0.73,0.0036
M_KAP_A4,M_KAP,12.23992028,51.87819202,centre,654,Central European mixed forests,2023,R,negative,fresh,mowing,232.34,0.63,0.00321
M_KIF_A1,M_KIF,11.7568316,51.65465985,centre,654,Central European mixed forests,2022,R1A,negative,dry,mowing,236.73,0.55,0.00163
M_KIF_A2,M_KIF,11.7568316,51.65465985,centre,654,Central European mixed forests,2022,R1A,negative,dry,mowing,176.28,0.43,0.00357
M_KIF_A3,M_KIF,11.7568316,51.65465985,centre,654,Central European mixed forests,2022,R1A,negative,dry,mowing,165.73,0.3,0.00632
M_KIF_A4,M_KIF,11.7568316,51.65465985,centre,654,Central European mixed forests,2022,R1A,negative,dry,mowing,167.96,0.33,0.00467
M_KOL_A1,M_KOL,11.82447632,51.50647081,centre,654,Central European mixed forests,2023,R,restored,dry,mowing,205.44,0.39,0.00142
M_KOL_A2,M_KOL,11.82447632,51.50647081,centre,654,Central European mixed forests,2023,R,restored,dry,mowing,210.59,0.49,0.00109
M_KOL_A3,M_KOL,11.82447632,51.50647081,centre,654,Central European mixed forests,2023,R,restored,dry,mowing,201.88,0.44,0.00103
M_KOL_A4,M_KOL,11.82447632,51.50647081,centre,654,Central European mixed forests,2023,V38,restored,dry,mowing,187.05,0.44,0.00157
M_KOT_A1,M_KOT,11.97743495,51.76112712,centre,654,Central European mixed forests,2022,R22,restored,fresh,none,235.57,0.51,0.0016
M_KOT_A2,M_KOT,11.97743495,51.76112712,centre,654,Central European mixed forests,2022,R22,restored,fresh,none,226,0.5,0.00247
M_KOT_A3,M_KOT,11.97743495,51.76112712,centre,654,Central European mixed forests,2022,R22,restored,fresh,none,232.77,0.48,0.00212
M_KOT_A4,M_KOT,11.97743495,51.76112712,centre,654,Central European mixed forests,2022,R22,restored,fresh,none,231.43,0.51,0.00276
M_KUH_A1,M_KUH,11.83230936,51.25517652,centre,654,Central European mixed forests,2022,R1A,restored,dry,grazing,171.73,0.4,0.00311
M_KUH_A2,M_KUH,11.83230936,51.25517652,centre,654,Central European mixed forests,2022,R1A,restored,dry,grazing,174.32,0.45,0.00321
M_KUH_A3,M_KUH,11.83230936,51.25517652,centre,654,Central European mixed forests,2022,R1A,restored,dry,grazing,184.57,0.21,0.00124
M_KUH_A4,M_KUH,11.83230936,51.25517652,centre,654,Central European mixed forests,2022,R1A,restored,dry,grazing,168.75,0.36,0.00252
M_LOB_A1,M_LOB,11.9262047,51.63375412,centre,654,Central European mixed forests,2023,R,restored,fresh,mowing,222.5,0.43,0.00505
M_LOB_A2,M_LOB,11.9262047,51.63375412,centre,654,Central European mixed forests,2023,R22,restored,fresh,mowing,237.8,0.59,0.00444
M_LOB_A3,M_LOB,11.9262047,51.63375412,centre,654,Central European mixed forests,2023,R,restored,fresh,mowing,217.71,0.49,0.00442
M_LOB_A4,M_LOB,11.9262047,51.63375412,centre,654,Central European mixed forests,2023,R,restored,fresh,mowing,209.37,0.43,0.00612
M_NEL_A1,M_NEL,11.75335512,51.66467973,centre,654,Central European mixed forests,2022,R1B,restored,dry,grazing,147.74,0.36,0.00212
M_NEL_A2,M_NEL,11.75335512,51.66467973,centre,654,Central European mixed forests,2022,R,restored,dry,grazing,176.16,0.43,0.00366
M_NEL_A3,M_NEL,11.75335512,51.66467973,centre,654,Central European mixed forests,2022,R16,restored,dry,grazing,173.91,0.37,0.00211
M_NEL_A4,M_NEL,11.75335512,51.66467973,centre,654,Central European mixed forests,2022,R1B,restored,dry,grazing,151.08,0.32,0.00261
M_NIS_A1,M_NIS,11.76049993,51.20428793,centre,654,Central European mixed forests,2022,R1A,negative,dry,none,218.23,0.31,6.8e-4
M_NIS_A2,M_NIS,11.76049993,51.20428793,centre,654,Central European mixed forests,2022,R1A,negative,dry,none,253.06,0.64,0.00137
M_NIS_A3,M_NIS,11.76049993,51.20428793,centre,654,Central European mixed forests,2022,R1A,negative,dry,none,252.89,0.46,4.8e-4
M_NIS_A4,M_NIS,11.76049993,51.20428793,centre,654,Central European mixed forests,2022,R1A,negative,dry,none,229.18,0.37,6.2e-4
M_PRA_A1,M_PRA,12.67487398,51.84309028,centre,654,Central European mixed forests,2023,R,restored,moist,both,235.19,0.44,0.00311
M_PRA_A2,M_PRA,12.67487398,51.84309028,centre,654,Central European mixed forests,2023,V,restored,moist,both,227.93,0.37,0.00271
M_PRA_A3,M_PRA,12.67487398,51.84309028,centre,654,Central European mixed forests,2023,V,restored,moist,both,231.6,0.32,0.00168
M_PRA_A4,M_PRA,12.67487398,51.84309028,centre,654,Central European mixed forests,2023,R,restored,moist,both,219.49,0.28,0.00102
M_SKF_A1,M_SKF,11.57491171,52.02875982,centre,654,Central European mixed forests,2022,R22,restored,fresh,both,229.78,0.55,0.00158
M_SKF_A2,M_SKF,11.57491171,52.02875982,centre,654,Central European mixed forests,2022,R22,restored,fresh,both,200.87,0.49,6.9e-4
M_SKF_A3,M_SKF,11.57491171,52.02875982,centre,654,Central European mixed forests,2022,R22,restored,fresh,both,183.89,0.44,0.00121
M_SKF_A4,M_SKF,11.57491171,52.02875982,centre,654,Central European mixed forests,2022,R1A,restored,fresh,both,177.5,0.36,6.9e-4
M_SMH_A1,M_SMH,11.59779124,51.33296162,centre,654,Central European mixed forests,2023,R,negative,dry,none,177.63,0.42,0.00254
M_SMH_A2,M_SMH,11.59779124,51.33296162,centre,654,Central European mixed forests,2023,R,negative,dry,none,175.56,0.36,0.00196
M_SMH_A3,M_SMH,11.59779124,51.33296162,centre,654,Central European mixed forests,2023,R1A,negative,dry,none,173.94,0.36,0.00436
M_SMH_A4,M_SMH,11.59779124,51.33296162,centre,654,Central European mixed forests,2023,R,negative,dry,none,173.85,0.47,0.00311
M_SSB_A1,M_SSB,11.72160941,51.21551542,centre,654,Central European mixed forests,2022,R1A,positive,dry,grazing,197.62,0.24,0.00199
M_SSB_A2,M_SSB,11.72160941,51.21551542,centre,654,Central European mixed forests,2022,R1A,positive,dry,grazing,181.09,0.33,0.00236
M_SSB_A3,M_SSB,11.72160941,51.21551542,centre,654,Central European mixed forests,2022,R1A,positive,dry,grazing,188.14,0.27,0.00226
M_SSB_A4,M_SSB,11.72160941,51.21551542,centre,654,Central European mixed forests,2022,R16,positive,dry,grazing,186.18,0.33,0.00226
M_SSL_A1,M_SSL,11.92439633,51.6336248,centre,654,Central European mixed forests,2023,R,positive,dry,none,220.93,0.29,5.6e-4
M_SSL_A2,M_SSL,11.92439633,51.6336248,centre,654,Central European mixed forests,2023,R,positive,dry,none,226.04,0.26,3.3e-4
M_SSL_A3,M_SSL,11.92439633,51.6336248,centre,654,Central European mixed forests,2023,R1A,positive,dry,none,188.34,0.33,0.00146
M_SSL_A4,M_SSL,11.92439633,51.6336248,centre,654,Central European mixed forests,2023,R,positive,dry,none,227.36,0.18,4.1e-4
M_STA_A1,M_STA,12.03915626,51.87081962,centre,654,Central European mixed forests,2023,R22,restored,fresh,mowing,250.16,0.53,0.00131
M_STA_A2,M_STA,12.03915626,51.87081962,centre,654,Central European mixed forests,2023,R22,restored,fresh,mowing,251.82,0.71,0.0017
M_STA_A3,M_STA,12.03915626,51.87081962,centre,654,Central European mixed forests,2023,R,restored,fresh,mowing,246.06,0.53,0.0015
M_STA_A4,M_STA,12.03915626,51.87081962,centre,654,Central European mixed forests,2023,R22,restored,fresh,mowing,244.44,0.68,0.00216
M_STF_A1,M_STF,11.6869805,52.28069534,centre,654,Central European mixed forests,2023,R,restored,moist,mowing,243.98,0.39,7.1e-4
M_STF_A2,M_STF,11.6869805,52.28069534,centre,654,Central European mixed forests,2023,R22,restored,moist,mowing,237.61,0.44,7.7e-4
M_STF_A3,M_STF,11.6869805,52.28069534,centre,654,Central European mixed forests,2023,R22,restored,moist,mowing,267.95,0.5,0.00115
M_STF_A4,M_STF,11.6869805,52.28069534,centre,654,Central European mixed forests,2023,R22,restored,moist,mowing,270.38,0.53,0.00105
M_STI_A1,M_STI,11.83597112,51.65776367,centre,654,Central European mixed forests,2023,R,restored,moist,mowing,237.89,0.56,0.00318
M_STI_A2,M_STI,11.83597112,51.65776367,centre,654,Central European mixed forests,2023,R22,restored,moist,mowing,237.01,0.56,0.00291
M_STI_A3,M_STI,11.83597112,51.65776367,centre,654,Central European mixed forests,2023,R22,restored,moist,mowing,242.56,0.64,0.00209
M_STI_A4,M_STI,11.83597112,51.65776367,centre,654,Central European mixed forests,2023,R22,restored,moist,mowing,254.81,0.59,0.00193
M_STN_A1,M_STN,11.51118008,51.27824642,centre,654,Central European mixed forests,2023,V37,restored,dry,grazing,230.64,0.32,0.00127
M_STN_A2,M_STN,11.51118008,51.27824642,centre,654,Central European mixed forests,2023,R1A,restored,dry,grazing,235.76,0.29,0.00146
M_STN_A3,M_STN,11.51118008,51.27824642,centre,654,Central European mixed forests,2023,R1A,restored,dry,grazing,190.18,0.3,0.00244
M_STN_A4,M_STN,11.51118008,51.27824642,centre,654,Central European mixed forests,2023,R1A,restored,dry,grazing,184.86,0.38,0.00347
M_STP_A1,M_STP,12.05356323,51.87379422,centre,654,Central European mixed forests,2023,R22,positive,fresh,mowing,253.19,0.39,0.00133
M_STP_A2,M_STP,12.05356323,51.87379422,centre,654,Central European mixed forests,2023,R,positive,fresh,mowing,240.23,0.47,0.00237
M_STP_A3,M_STP,12.05356323,51.87379422,centre,654,Central European mixed forests,2023,R,positive,fresh,mowing,242.88,0.45,0.00312
M_STP_A4,M_STP,12.05356323,51.87379422,centre,654,Central European mixed forests,2023,R,positive,fresh,mowing,252.79,0.44,0.00118
M_SUL_A1,M_SUL,11.56157811,52.02835511,centre,654,Central European mixed forests,2022,R,negative,fresh,both,258.95,0.51,0.00181
M_SUL_A2,M_SUL,11.56157811,52.02835511,centre,654,Central European mixed forests,2022,R,negative,fresh,both,256.88,0.51,0.00188
M_SUL_A3,M_SUL,11.56157811,52.02835511,centre,654,Central European mixed forests,2022,R,negative,fresh,both,259.38,0.46,0.00161
M_SUL_A4,M_SUL,11.56157811,52.02835511,centre,654,Central European mixed forests,2022,R,negative,fresh,both,257.02,0.51,0.0016
M_TAN_A1,M_TAN,11.75682108,51.64052353,centre,654,Central European mixed forests,2022,R1A,restored,dry,grazing,178.73,0.25,0.00185
M_TAN_A2,M_TAN,11.75682108,51.64052353,centre,654,Central European mixed forests,2022,R1A,restored,dry,grazing,184.15,0.3,0.00194
M_TAN_A3,M_TAN,11.75682108,51.64052353,centre,654,Central European mixed forests,2022,R1A,restored,dry,grazing,168.05,0.34,0.00218
M_TAN_A4,M_TAN,11.75682108,51.64052353,centre,654,Central European mixed forests,2022,R1A,restored,dry,grazing,172.86,0.4,0.00204
M_TRE_A1,M_TRE,11.96757714,51.64524689,centre,654,Central European mixed forests,2023,R,restored,fresh,mowing,209.3,0.51,0.00149
M_TRE_A2,M_TRE,11.96757714,51.64524689,centre,654,Central European mixed forests,2023,R,restored,fresh,mowing,205.93,0.46,0.002
M_TRE_A3,M_TRE,11.96757714,51.64524689,centre,654,Central European mixed forests,2023,R22,restored,fresh,mowing,208.81,0.49,0.00221
M_TRE_A4,M_TRE,11.96757714,51.64524689,centre,654,Central European mixed forests,2023,R22,restored,fresh,mowing,215.92,0.53,0.00196
M_TRN_A1,M_TRN,11.96509704,51.64410826,centre,654,Central European mixed forests,2023,R,negative,moist,mowing,297.9,0.67,0.00247
M_TRN_A2,M_TRN,11.96509704,51.64410826,centre,654,Central European mixed forests,2023,R,negative,moist,mowing,266.68,0.82,0.00193
M_TRN_A3,M_TRN,11.96509704,51.64410826,centre,654,Central European mixed forests,2023,R,negative,moist,mowing,247.44,0.39,0.00136
M_TRN_A4,M_TRN,11.96509704,51.64410826,centre,654,Central European mixed forests,2023,?,negative,moist,mowing,289.51,0.58,0.002
M_TTH_A1,M_TTH,11.74525195,51.20022449,centre,654,Central European mixed forests,2023,R1A,restored,dry,grazing,186.38,0.21,6.2e-4
M_TTH_A2,M_TTH,11.74525195,51.20022449,centre,654,Central European mixed forests,2023,R1A,restored,dry,grazing,161.96,0.27,7.2e-4
M_TTH_A3,M_TTH,11.74525195,51.20022449,centre,654,Central European mixed forests,2023,R16,restored,dry,grazing,195.58,0.15,8.1e-4
M_TTH_A4,M_TTH,11.74525195,51.20022449,centre,654,Central European mixed forests,2023,R,restored,dry,grazing,187.48,0.15,8.1e-4
M_TTO_A1,M_TTO,11.73221691,51.18472096,centre,654,Central European mixed forests,2022,R1A,positive,dry,grazing,210.49,0.28,7.8e-4
M_TTO_A2,M_TTO,11.73221691,51.18472096,centre,654,Central European mixed forests,2022,R1A,positive,dry,grazing,188.85,0.22,5.3e-4
M_TTO_A3,M_TTO,11.73221691,51.18472096,centre,654,Central European mixed forests,2022,R1A,positive,dry,grazing,192.46,0.2,0.00104
M_TTO_A4,M_TTO,11.73221691,51.18472096,centre,654,Central European mixed forests,2022,R1A,positive,dry,grazing,172.46,0.16,0.00127
M_TTP_A1,M_TTP,11.75171156,51.20209679,centre,654,Central European mixed forests,2022,R1A,restored,dry,grazing,173.01,0.35,0.00142
M_TTP_A2,M_TTP,11.75171156,51.20209679,centre,654,Central European mixed forests,2022,R1A,restored,dry,grazing,163.93,0.31,0.00152
M_TTP_A3,M_TTP,11.75171156,51.20209679,centre,654,Central European mixed forests,2022,R1A,restored,dry,grazing,182.42,0.33,0.00152
M_TTP_A4,M_TTP,11.75171156,51.20209679,centre,654,Central European mixed forests,2022,R1A,restored,dry,grazing,148.9,0.31,0.00167
M_VOC_A1,M_VOC,12.33854304,51.85665776,centre,654,Central European mixed forests,2023,R,restored,fresh,mowing,242.14,0.44,0.00188
M_VOC_A2,M_VOC,12.33854304,51.85665776,centre,654,Central European mixed forests,2023,R22,restored,fresh,mowing,230.36,0.54,0.00198
M_VOC_A3,M_VOC,12.33854304,51.85665776,centre,654,Central European mixed forests,2023,R22,restored,fresh,mowing,251.47,0.57,0.00179
M_VOC_A4,M_VOC,12.33854304,51.85665776,centre,654,Central European mixed forests,2023,R,restored,fresh,mowing,234.8,0.51,0.00221
M_WDG_A1,M_WDG,11.4834876,52.2889212,centre,654,Central European mixed forests,2022,R22,restored,fresh,mowing,223.78,0.42,0.00179
M_WDG_A2,M_WDG,11.4834876,52.2889212,centre,654,Central European mixed forests,2022,R22,restored,fresh,mowing,214.66,0.38,0.00121
M_WDG_A3,M_WDG,11.4834876,52.2889212,centre,654,Central European mixed forests,2022,R,restored,fresh,mowing,175.92,0.32,0.00272
M_WDG_A4,M_WDG,11.4834876,52.2889212,centre,654,Central European mixed forests,2022,R,restored,fresh,mowing,191.58,0.36,0.00139
M_WED_A1,M_WED,11.48918164,52.2679638,centre,654,Central European mixed forests,2023,R22,restored,moist,mowing,246.8,0.72,0.00264
M_WED_A2,M_WED,11.48918164,52.2679638,centre,654,Central European mixed forests,2023,R22,restored,moist,mowing,231.65,0.71,0.00243
M_WED_A3,M_WED,11.48918164,52.2679638,centre,654,Central European mixed forests,2023,R22,restored,moist,mowing,229.9,0.83,0.00243
M_WED_A4,M_WED,11.48918164,52.2679638,centre,654,Central European mixed forests,2023,R22,restored,moist,mowing,275.05,0.69,0.00188
M_WEF_A1,M_WEF,11.17225431,52.17879519,centre,654,Central European mixed forests,2022,R,restored,moist,mowing,254.17,0.63,5.7e-4
M_WEF_A2,M_WEF,11.17225431,52.17879519,centre,654,Central European mixed forests,2022,Q53,restored,moist,mowing,182.5,0.76,7.2e-4
M_WEF_A3,M_WEF,11.17225431,52.17879519,centre,654,Central European mixed forests,2022,R,restored,moist,mowing,238.86,0.44,4.8e-4
M_WEF_A4,M_WEF,11.17225431,52.17879519,centre,654,Central European mixed forests,2022,R,restored,moist,mowing,241.87,0.61,0.00104
M_WLE_A1,M_WLE,11.20737972,52.18579459,centre,654,Central European mixed forests,2022,?,negative,moist,mowing,290.43,0.64,2.4e-4
M_WLE_A2,M_WLE,11.20737972,52.18579459,centre,654,Central European mixed forests,2022,R,negative,moist,mowing,253.83,0.65,0.00104
M_WLE_A3,M_WLE,11.20737972,52.18579459,centre,654,Central European mixed forests,2022,R,negative,moist,mowing,254.13,0.64,9.9e-4
M_WLE_A4,M_WLE,11.20737972,52.18579459,centre,654,Central European mixed forests,2022,R,negative,moist,mowing,256.16,0.66,9.4e-4
M_WUG_A1,M_WUG,11.91389537,51.85297179,centre,654,Central European mixed forests,2022,R,restored,fresh,grazing,242.55,0.5,0.00195
M_WUG_A2,M_WUG,11.91389537,51.85297179,centre,654,Central European mixed forests,2022,R,restored,fresh,grazing,235.36,0.49,0.00167
M_WUG_A3,M_WUG,11.91389537,51.85297179,centre,654,Central European mixed forests,2022,R,restored,fresh,grazing,246.23,0.46,0.00119
M_WUG_A4,M_WUG,11.91389537,51.85297179,centre,654,Central European mixed forests,2022,R,restored,fresh,grazing,244.61,0.36,0.00158
M_WUM_A1,M_WUM,11.94306453,51.83665149,centre,654,Central European mixed forests,2022,R,restored,fresh,grazing,236.99,0.5,0.0011
M_WUM_A2,M_WUM,11.94306453,51.83665149,centre,654,Central European mixed forests,2022,R,restored,fresh,grazing,210.74,0.56,0.00181
M_WUM_A3,M_WUM,11.94306453,51.83665149,centre,654,Central European mixed forests,2022,R,restored,fresh,grazing,221.9,0.57,7.9e-4
M_WUM_A4,M_WUM,11.94306453,51.83665149,centre,654,Central European mixed forests,2022,R36,restored,fresh,grazing,228.22,0.6,5.6e-4
M_WUN_A1,M_WUN,11.91088705,51.85409945,centre,654,Central European mixed forests,2022,V15,negative,fresh,mowing,196.91,0.45,0.00333
M_WUN_A2,M_WUN,11.91088705,51.85409945,centre,654,Central European mixed forests,2022,V15,negative,fresh,mowing,185.21,0.54,0.00219
M_WUN_A3,M_WUN,11.91088705,51.85409945,centre,654,Central European mixed forests,2022,V15,negative,fresh,mowing,194.56,0.51,0.00253
M_WUN_A4,M_WUN,11.91088705,51.85409945,centre,654,Central European mixed forests,2022,R22,negative,fresh,mowing,238.69,0.54,0.00134
M_WUP_A1,M_WUP,11.93649437,51.84281827,centre,654,Central European mixed forests,2022,R35,positive,fresh,grazing,244.46,0.66,8e-4
M_WUP_A2,M_WUP,11.93649437,51.84281827,centre,654,Central European mixed forests,2022,R35,positive,fresh,grazing,199.85,0.55,5.4e-4
M_WUP_A3,M_WUP,11.93649437,51.84281827,centre,654,Central European mixed forests,2022,R,positive,fresh,grazing,236.85,0.45,8e-4
M_WUP_A4,M_WUP,11.93649437,51.84281827,centre,654,Central European mixed forests,2022,V38,positive,fresh,grazing,170.08,0.64,3.4e-4
M_WUR_A1,M_WUR,11.95411022,51.83463992,centre,654,Central European mixed forests,2022,R,positive,moist,mowing,210.67,0.62,0.0025
M_WUR_A2,M_WUR,11.95411022,51.83463992,centre,654,Central European mixed forests,2022,R35,positive,moist,mowing,283.45,0.58,7.3e-4
M_WUR_A3,M_WUR,11.95411022,51.83463992,centre,654,Central European mixed forests,2022,R,positive,moist,mowing,248.39,0.65,7e-4
M_WUR_A4,M_WUR,11.95411022,51.83463992,centre,654,Central European mixed forests,2022,Qb,positive,moist,mowing,203.72,0.78,7.8e-4
N_AFE_A1,N_AFE,10.60355741,52.57145886,north,664,European Atlantic mixed forests,2023,R22,restored,fresh,both,263.56,0.64,0.00205
N_AFE_A2,N_AFE,10.60355741,52.57145886,north,664,European Atlantic mixed forests,2023,R22,restored,fresh,both,219,0.41,0.00134
N_AFE_A3,N_AFE,10.60355741,52.57145886,north,664,European Atlantic mixed forests,2023,R22,restored,fresh,both,218.34,0.35,0.00119
N_AFE_A4,N_AFE,10.60355741,52.57145886,north,664,European Atlantic mixed forests,2023,R22,restored,fresh,both,244.75,0.34,0.00121
N_ALA_A1,N_ALA,11.63909778,52.99585029,north,664,European Atlantic mixed forests,2022,R22,restored,fresh,mowing,223.43,0.58,6.2e-4
N_ALA_A2,N_ALA,11.63909778,52.99585029,north,664,European Atlantic mixed forests,2022,R22,restored,fresh,mowing,225.2,0.54,0.00126
N_ALA_A3,N_ALA,11.63909778,52.99585029,north,664,European Atlantic mixed forests,2022,R22,restored,fresh,mowing,223.27,0.56,0.00103
N_ALA_A4,N_ALA,11.63909778,52.99585029,north,664,European Atlantic mixed forests,2022,R22,restored,fresh,mowing,237.83,0.56,0.0011
N_ARE_A1,N_ARE,11.41380242,52.90835525,north,664,European Atlantic mixed forests,2022,R22,restored,fresh,mowing,265.1,0.36,6.4e-4
N_ARE_A2,N_ARE,11.41380242,52.90835525,north,664,European Atlantic mixed forests,2022,R22,restored,fresh,mowing,293.57,0.57,6.7e-4
N_ARE_A3,N_ARE,11.41380242,52.90835525,north,664,European Atlantic mixed forests,2022,R22,restored,fresh,mowing,286.03,0.56,6.7e-4
N_ARE_A4,N_ARE,11.41380242,52.90835525,north,664,European Atlantic mixed forests,2022,R22,restored,fresh,mowing,255.26,0.4,7.5e-4
N_BEB_A1,N_BEB,10.58705219,52.56455023,north,664,European Atlantic mixed forests,2022,R22,restored,fresh,both,285.43,0.52,0.00104
N_BEB_A2,N_BEB,10.58705219,52.56455023,north,664,European Atlantic mixed forests,2022,R22,restored,fresh,both,244.8,0.46,0.0015
N_BEB_A3,N_BEB,10.58705219,52.56455023,north,664,European Atlantic mixed forests,2022,R22,restored,fresh,both,289.09,0.55,8.5e-4
N_BEB_A4,N_BEB,10.58705219,52.56455023,north,664,European Atlantic mixed forests,2022,R22,restored,fresh,both,295.42,0.56,8.5e-4
N_BEN_A1,N_BEN,10.61579891,52.64595831,north,664,European Atlantic mixed forests,2023,R,negative,fresh,mowing,228.22,0.4,0.00356
N_BEN_A2,N_BEN,10.61579891,52.64595831,north,664,European Atlantic mixed forests,2023,R,negative,fresh,mowing,243.52,0.5,0.00118
N_BEN_A3,N_BEN,10.61579891,52.64595831,north,664,European Atlantic mixed forests,2023,R,negative,fresh,mowing,226.2,0.4,0.00332
N_BEN_A4,N_BEN,10.61579891,52.64595831,north,664,European Atlantic mixed forests,2023,R22,negative,fresh,mowing,230.98,0.44,0.00246
N_BIT_A1,N_BIT,9.712489826,54.06746828,north,664,European Atlantic mixed forests,2022,R22,restored,fresh,grazing,272.17,0.45,2.7e-4
N_BIT_A2,N_BIT,9.712489826,54.06746828,north,664,European Atlantic mixed forests,2022,R22,restored,fresh,grazing,210.01,0.32,9.5e-4
N_BIT_A3,N_BIT,9.712489826,54.06746828,north,664,European Atlantic mixed forests,2022,R22,restored,fresh,grazing,237.1,0.37,6.5e-4
N_BIT_A4,N_BIT,9.712489826,54.06746828,north,664,European Atlantic mixed forests,2022,R22,restored,fresh,grazing,264.05,0.45,4e-4
N_BLE_A1,N_BLE,10.74598821,53.33188724,north,664,European Atlantic mixed forests,2023,R22,positive,fresh,mowing,248.59,0.49,2.2e-4
N_BLE_A2,N_BLE,10.74598821,53.33188724,north,664,European Atlantic mixed forests,2023,R21,positive,fresh,mowing,269.47,0.38,4.7e-4
N_BLE_A3,N_BLE,10.74598821,53.33188724,north,664,European Atlantic mixed forests,2023,R22,positive,fresh,mowing,244.88,0.49,8.6e-4
N_BLE_A4,N_BLE,10.74598821,53.33188724,north,664,European Atlantic mixed forests,2023,R22,positive,fresh,mowing,248.77,0.44,4.9e-4
N_BLU_A1,N_BLU,11.15186993,52.90365006,north,664,European Atlantic mixed forests,2022,R,restored,fresh,mowing,278.51,0.97,0.00193
N_BLU_A2,N_BLU,11.15186993,52.90365006,north,664,European Atlantic mixed forests,2022,R,restored,fresh,mowing,210.17,0.53,8.8e-4
N_BLU_A3,N_BLU,11.15186993,52.90365006,north,664,European Atlantic mixed forests,2022,R,restored,fresh,mowing,199.5,0.45,6.3e-4
N_BLU_A4,N_BLU,11.15186993,52.90365006,north,664,European Atlantic mixed forests,2022,R,restored,fresh,mowing,239.73,0.49,7.2e-4
N_BRD_A1,N_BRD,11.4258011,53.05071543,north,664,European Atlantic mixed forests,2022,R22,restored,fresh,both,277.3,0.62,5e-4
N_BRD_A2,N_BRD,11.4258011,53.05071543,north,664,European Atlantic mixed forests,2022,R,restored,fresh,both,296,0.68,4.5e-4
N_BRD_A3,N_BRD,11.4258011,53.05071543,north,664,European Atlantic mixed forests,2022,R22,restored,fresh,both,283.12,0.61,5.5e-4
N_BRD_A4,N_BRD,11.4258011,53.05071543,north,664,European Atlantic mixed forests,2022,R,restored,fresh,both,282.01,0.54,5.9e-4
N_BRE_A1,N_BRE,10.66332693,53.60182733,north,664,European Atlantic mixed forests,2022,R21,restored,dry,mowing,235.79,0.3,8.3e-4
N_BRE_A2,N_BRE,10.66332693,53.60182733,north,664,European Atlantic mixed forests,2022,R22,restored,dry,mowing,236.85,0.41,8.3e-4
N_BRE_A3,N_BRE,10.66332693,53.60182733,north,664,European Atlantic mixed forests,2022,R,restored,dry,mowing,202.29,0.29,0.00168
N_BRE_A4,N_BRE,10.66332693,53.60182733,north,664,European Atlantic mixed forests,2022,R,restored,dry,mowing,191.62,0.34,0.00168
N_BRO_A1,N_BRO,10.66569268,53.46791394,north,664,European Atlantic mixed forests,2023,R,restored,dry,grazing,223.7,0.22,3.2e-4
N_BRO_A2,N_BRO,10.66569268,53.46791394,north,664,European Atlantic mixed forests,2023,R,restored,dry,grazing,207.62,0.11,2.6e-4
N_BRO_A3,N_BRO,10.66569268,53.46791394,north,664,European Atlantic mixed forests,2023,R1P,restored,dry,grazing,214.61,0.14,2.7e-4
N_BRO_A4,N_BRO,10.66569268,53.46791394,north,664,European Atlantic mixed forests,2023,R1P,restored,dry,grazing,217,0.15,2.9e-4
N_BU1_A1,N_BU1,9.774601422,54.09915593,north,664,European Atlantic mixed forests,2022,R21,negative,fresh,grazing,308.13,0.39,3.6e-4
N_BU1_A2,N_BU1,9.774601422,54.09915593,north,664,European Atlantic mixed forests,2022,R21,negative,fresh,grazing,305.03,0.36,4e-4
N_BU1_A3,N_BU1,9.774601422,54.09915593,north,664,European Atlantic mixed forests,2022,R22,negative,fresh,grazing,315.69,0.42,3.1e-4
N_BU1_A4,N_BU1,9.774601422,54.09915593,north,664,European Atlantic mixed forests,2022,R22,negative,fresh,grazing,303.36,0.5,4.1e-4
N_BU2_A1,N_BU2,9.766568712,54.09996863,north,664,European Atlantic mixed forests,2022,R,negative,moist,grazing,275.94,0.53,6.1e-4
N_BU2_A2,N_BU2,9.766568712,54.09996863,north,664,European Atlantic mixed forests,2022,R36,negative,moist,grazing,269.88,0.57,0.0011
N_BU2_A3,N_BU2,9.766568712,54.09996863,north,664,European Atlantic mixed forests,2022,R,negative,moist,grazing,289.2,0.57,7.2e-4
N_BU2_A4,N_BU2,9.766568712,54.09996863,north,664,European Atlantic mixed forests,2022,R,negative,moist,grazing,303.14,0.58,5.7e-4
N_CAM_A1,N_CAM,9.825099354,53.15047911,north,664,European Atlantic mixed forests,2023,R21,positive,dry,grazing,182.66,0.29,0.00367
N_CAM_A2,N_CAM,9.825099354,53.15047911,north,664,European Atlantic mixed forests,2023,R21,positive,dry,grazing,187.3,0.29,0.00326
N_CAM_A3,N_CAM,9.825099354,53.15047911,north,664,European Atlantic mixed forests,2023,R21,positive,dry,grazing,178.5,0.29,0.00426
N_CAM_A4,N_CAM,9.825099354,53.15047911,north,664,European Atlantic mixed forests,2023,R,positive,dry,grazing,168.78,0.24,0.00238
N_CNI_A1,N_CNI,10.85101826,53.24958879,north,664,European Atlantic mixed forests,2023,R22,restored,moist,both,288.48,0.4,2.3e-4
N_CNI_A2,N_CNI,10.85101826,53.24958879,north,664,European Atlantic mixed forests,2023,R22,restored,moist,both,260.59,0.36,6.3e-4
N_CNI_A3,N_CNI,10.85101826,53.24958879,north,664,European Atlantic mixed forests,2023,R22,restored,moist,both,280.76,0.35,3.6e-4
N_CNI_A4,N_CNI,10.85101826,53.24958879,north,664,European Atlantic mixed forests,2023,R22,restored,moist,both,278.1,0.39,2.9e-4
N_DAM_A1,N_DAM,11.13755266,53.12415583,north,664,European Atlantic mixed forests,2022,R,restored,fresh,mowing,280.29,1.18,0.00257
N_DAM_A2,N_DAM,11.13755266,53.12415583,north,664,European Atlantic mixed forests,2022,R22,restored,fresh,mowing,281.83,1.17,0.00256
N_DAM_A3,N_DAM,11.13755266,53.12415583,north,664,European Atlantic mixed forests,2022,R,restored,fresh,mowing,272.34,1.13,0.00248
N_DAM_A4,N_DAM,11.13755266,53.12415583,north,664,European Atlantic mixed forests,2022,R22,restored,fresh,mowing,279.95,1.15,0.00251
N_DUM_A1,N_DUM,10.96713715,52.90104063,north,664,European Atlantic mixed forests,2023,R,positive,moist,mowing,235.11,0.43,8.7e-4
N_DUM_A2,N_DUM,10.96713715,52.90104063,north,664,European Atlantic mixed forests,2023,R,positive,moist,mowing,230.66,0.49,0.0017
N_DUM_A3,N_DUM,10.96713715,52.90104063,north,664,European Atlantic mixed forests,2023,R22,positive,moist,mowing,270.46,0.49,6e-4
N_DUM_A4,N_DUM,10.96713715,52.90104063,north,664,European Atlantic mixed forests,2023,R22,positive,moist,mowing,261.46,0.44,8.5e-4
N_EIC_A1,N_EIC,9.966582081,53.15894547,north,664,European Atlantic mixed forests,2023,R,restored,dry,both,208.3,0.35,5e-4
N_EIC_A2,N_EIC,9.966582081,53.15894547,north,664,European Atlantic mixed forests,2023,R22,restored,dry,both,245.16,0.41,3.8e-4
N_EIC_A3,N_EIC,9.966582081,53.15894547,north,664,European Atlantic mixed forests,2023,R,restored,dry,both,194.98,0.32,0.0014
N_EIC_A4,N_EIC,9.966582081,53.15894547,north,664,European Atlantic mixed forests,2023,R,restored,dry,both,224.25,0.39,5.2e-4
N_ELB_A1,N_ELB,11.21872812,53.12500769,north,664,European Atlantic mixed forests,2023,R22,restored,fresh,grazing,217.53,0.65,9.5e-4
N_ELB_A2,N_ELB,11.21872812,53.12500769,north,664,European Atlantic mixed forests,2023,R22,restored,fresh,grazing,230.09,0.62,0.00117
N_ELB_A3,N_ELB,11.21872812,53.12500769,north,664,European Atlantic mixed forests,2023,R22,restored,fresh,grazing,232.64,0.74,0.00111
N_ELB_A4,N_ELB,11.21872812,53.12500769,north,664,European Atlantic mixed forests,2023,R22,restored,fresh,grazing,234.57,0.81,0.00132
N_FLA_A1,N_FLA,10.30145646,53.28602734,north,664,European Atlantic mixed forests,2023,?,negative,moist,mowing,191.64,0.55,0.00427
N_FLA_A2,N_FLA,10.30145646,53.28602734,north,664,European Atlantic mixed forests,2023,R,negative,moist,mowing,186.16,0.64,0.00215
N_FLA_A3,N_FLA,10.30145646,53.28602734,north,664,European Atlantic mixed forests,2023,R,negative,moist,mowing,206.38,0.5,0.00494
N_FLA_A4,N_FLA,10.30145646,53.28602734,north,664,European Atlantic mixed forests,2023,R,negative,moist,mowing,225.92,0.53,0.00297
N_GAM_A1,N_GAM,10.54880198,52.51725778,north,664,European Atlantic mixed forests,2022,R,restored,fresh,both,261.23,0.45,0.00104
N_GAM_A2,N_GAM,10.54880198,52.51725778,north,664,European Atlantic mixed forests,2022,R,restored,fresh,both,254.48,0.45,0.00137
N_GAM_A3,N_GAM,10.54880198,52.51725778,north,664,European Atlantic mixed forests,2022,R,restored,fresh,both,289.63,0.54,8.8e-4
N_GAM_A4,N_GAM,10.54880198,52.51725778,north,664,European Atlantic mixed forests,2022,R,restored,fresh,both,262.5,0.48,0.00124
N_GAR_A1,N_GAR,10.65708759,53.33546428,north,664,European Atlantic mixed forests,2022,R,restored,fresh,mowing,301.4,0.27,6e-4
N_GAR_A2,N_GAR,10.65708759,53.33546428,north,664,European Atlantic mixed forests,2022,R,restored,fresh,mowing,306.22,0.27,6e-4
N_GAR_A3,N_GAR,10.65708759,53.33546428,north,664,European Atlantic mixed forests,2022,R,restored,fresh,mowing,298.5,0.3,7.3e-4
N_GAR_A4,N_GAR,10.65708759,53.33546428,north,664,European Atlantic mixed forests,2022,R,restored,fresh,mowing,290.25,0.43,6.4e-4
N_GBI_A1,N_GBI,11.21682835,52.89239537,north,664,European Atlantic mixed forests,2022,R22,positive,moist,mowing,265.1,0.42,7.1e-4
N_GBI_A2,N_GBI,11.21682835,52.89239537,north,664,European Atlantic mixed forests,2022,R,positive,moist,mowing,241.87,0.46,7.8e-4
N_GBI_A3,N_GBI,11.21682835,52.89239537,north,664,European Atlantic mixed forests,2022,R22,positive,moist,mowing,244.45,0.5,7.3e-4
N_GBI_A4,N_GBI,11.21682835,52.89239537,north,664,European Atlantic mixed forests,2022,V,positive,moist,mowing,254.08,0.44,0.00143
N_GUT_A1,N_GUT,10.7350907,53.17096801,north,664,European Atlantic mixed forests,2023,R,restored,fresh,mowing,247.14,0.41,0.00121
N_GUT_A2,N_GUT,10.7350907,53.17096801,north,664,European Atlantic mixed forests,2023,R,restored,fresh,mowing,274.05,0.54,8.5e-4
N_GUT_A3,N_GUT,10.7350907,53.17096801,north,664,European Atlantic mixed forests,2023,R,restored,fresh,mowing,262.27,0.51,0.00163
N_GUT_A4,N_GUT,10.7350907,53.17096801,north,664,European Atlantic mixed forests,2023,R,restored,fresh,mowing,240.31,0.36,0.00138
N_HAI_A1,N_HAI,9.734085864,53.59957298,north,664,European Atlantic mixed forests,2022,R35,restored,moist,grazing,277.32,0.53,8.3e-4
N_HAI_A2,N_HAI,9.734085864,53.59957298,north,664,European Atlantic mixed forests,2022,R,restored,moist,grazing,294.53,0.62,4.2e-4
N_HAI_A3,N_HAI,9.734085864,53.59957298,north,664,European Atlantic mixed forests,2022,R,restored,moist,grazing,274.22,0.55,5.7e-4
N_HAI_A4,N_HAI,9.734085864,53.59957298,north,664,European Atlantic mixed forests,2022,R,restored,moist,grazing,317.72,0.66,3.9e-4
N_HOH_A1,N_HOH,11.41839008,53.07004693,north,664,European Atlantic mixed forests,2023,R,restored,dry,both,226.76,0.39,5.6e-4
N_HOH_A2,N_HOH,11.41839008,53.07004693,north,664,European Atlantic mixed forests,2023,V38,restored,dry,both,208.14,0.71,3.8e-4
N_HOH_A3,N_HOH,11.41839008,53.07004693,north,664,European Atlantic mixed forests,2023,R22,restored,dry,both,267.02,0.43,4.5e-4
N_HOH_A4,N_HOH,11.41839008,53.07004693,north,664,European Atlantic mixed forests,2023,R22,restored,dry,both,246.54,0.34,4.8e-4
N_HOR_A1,N_HOR,10.18559932,53.09655483,north,664,European Atlantic mixed forests,2022,V,restored,dry,mowing,261.26,0.62,2.3e-4
N_HOR_A2,N_HOR,10.18559932,53.09655483,north,664,European Atlantic mixed forests,2022,R22,restored,dry,mowing,287.58,0.47,4.5e-4
N_HOR_A3,N_HOR,10.18559932,53.09655483,north,664,European Atlantic mixed forests,2022,V37,restored,dry,mowing,232.27,0.55,0.00187
N_HOR_A4,N_HOR,10.18559932,53.09655483,north,664,European Atlantic mixed forests,2022,V15,restored,dry,mowing,234.55,0.68,0.00177
N_HOY_A1,N_HOY,11.16556556,52.8977337,north,664,European Atlantic mixed forests,2022,R,restored,moist,both,249.63,0.52,0.00169
N_HOY_A2,N_HOY,11.16556556,52.8977337,north,664,European Atlantic mixed forests,2022,R,restored,moist,both,263.01,0.43,0.00147
N_HOY_A3,N_HOY,11.16556556,52.8977337,north,664,European Atlantic mixed forests,2022,R,restored,moist,both,205.21,0.56,0.00205
N_HOY_A4,N_HOY,11.16556556,52.8977337,north,664,European Atlantic mixed forests,2022,R,restored,moist,both,254.8,0.43,0.00112
N_ISE_A1,N_ISE,10.61617118,52.58565925,north,664,European Atlantic mixed forests,2022,R21,positive,dry,both,223.42,0.42,0.00093000000000000005
N_ISE_A2,N_ISE,10.61617118,52.58565925,north,664,European Atlantic mixed forests,2022,R22,positive,dry,both,279.49,0.52,4.9e-4
N_ISE_A3,N_ISE,10.61617118,52.58565925,north,664,European Atlantic mixed forests,2022,R22,positive,dry,both,221.46,0.43,0.00218
N_ISE_A4,N_ISE,10.61617118,52.58565925,north,664,European Atlantic mixed forests,2022,R21,positive,dry,both,209.41,0.4,0.00135
N_JAS_A1,N_JAS,10.76861238,53.31423676,north,664,European Atlantic mixed forests,2023,R21,restored,fresh,mowing,229.76,0.37,0.00108
N_JAS_A2,N_JAS,10.76861238,53.31423676,north,664,European Atlantic mixed forests,2023,R21,restored,fresh,mowing,222.87,0.49,0.00251
N_JAS_A3,N_JAS,10.76861238,53.31423676,north,664,European Atlantic mixed forests,2023,R22,restored,fresh,mowing,211.83,0.44,0.00371
N_JAS_A4,N_JAS,10.76861238,53.31423676,north,664,European Atlantic mixed forests,2023,R22,restored,fresh,mowing,237.72,0.58,0.00177
N_KAP_A1,N_KAP,11.50973785,53.02310201,north,664,European Atlantic mixed forests,2023,R,restored,fresh,mowing,256.02,0.53,0.00183
N_KAP_A2,N_KAP,11.50973785,53.02310201,north,664,European Atlantic mixed forests,2023,R22,restored,fresh,mowing,228.11,0.41,0.00122
N_KAP_A3,N_KAP,11.50973785,53.02310201,north,664,European Atlantic mixed forests,2023,R22,restored,fresh,mowing,256,0.38,3.9e-4
N_KAP_A4,N_KAP,11.50973785,53.02310201,north,664,European Atlantic mixed forests,2023,R22,restored,fresh,mowing,237.49,0.37,5.7e-4
N_KIR_A1,N_KIR,10.16907367,53.42338413,north,664,European Atlantic mixed forests,2022,R,positive,moist,both,204.45,0.6,9.1e-4
N_KIR_A2,N_KIR,10.16907367,53.42338413,north,664,European Atlantic mixed forests,2022,R22,positive,moist,both,230.59,0.48,0.00263
N_KIR_A3,N_KIR,10.16907367,53.42338413,north,664,European Atlantic mixed forests,2022,R22,positive,moist,both,233.95,0.48,0.00175
N_KIR_A4,N_KIR,10.16907367,53.42338413,north,664,European Atlantic mixed forests,2022,R22,positive,moist,both,205.91,0.42,0.00336
N_KRI_A1,N_KRI,11.28477841,52.8908079,north,664,European Atlantic mixed forests,2022,R,restored,fresh,mowing,245.82,0.43,0.0018
N_KRI_A2,N_KRI,11.28477841,52.8908079,north,664,European Atlantic mixed forests,2022,R,restored,fresh,mowing,228.23,0.39,0.00184
N_KRI_A3,N_KRI,11.28477841,52.8908079,north,664,European Atlantic mixed forests,2022,R,restored,fresh,mowing,217.19,0.32,6.5e-4
N_KRI_A4,N_KRI,11.28477841,52.8908079,north,664,European Atlantic mixed forests,2022,R,restored,fresh,mowing,227.88,0.36,0.00093000000000000005
N_LUB_A1,N_LUB,11.1899045,52.90165593,north,664,European Atlantic mixed forests,2023,R,restored,fresh,mowing,224.15,0.41,0.00106
N_LUB_A2,N_LUB,11.1899045,52.90165593,north,664,European Atlantic mixed forests,2023,R22,restored,fresh,mowing,255.79,0.42,0.00213
N_LUB_A3,N_LUB,11.1899045,52.90165593,north,664,European Atlantic mixed forests,2023,R22,restored,fresh,mowing,248.06,0.42,8.6e-4
N_LUB_A4,N_LUB,11.1899045,52.90165593,north,664,European Atlantic mixed forests,2023,R,restored,fresh,mowing,234.38,0.44,0.00121
N_MAU_A1,N_MAU,11.04525958,53.09223625,north,664,European Atlantic mixed forests,2023,R22,restored,dry,mowing,230.87,0.21,7.3e-4
N_MAU_A2,N_MAU,11.04525958,53.09223625,north,664,European Atlantic mixed forests,2023,R,restored,dry,mowing,226.58,0.13,2.5e-4
N_MAU_A3,N_MAU,11.04525958,53.09223625,north,664,European Atlantic mixed forests,2023,R22,restored,dry,mowing,232.44,0.18,3.6e-4
N_MAU_A4,N_MAU,11.04525958,53.09223625,north,664,European Atlantic mixed forests,2023,R22,restored,dry,mowing,285.17,0.29,2e-4
N_MEC_A1,N_MEC,10.31390512,53.29404852,north,664,European Atlantic mixed forests,2023,R,negative,fresh,mowing,261.34,0.52,0.00201
N_MEC_A2,N_MEC,10.31390512,53.29404852,north,664,European Atlantic mixed forests,2023,R,negative,fresh,mowing,261.22,0.53,0.00199
N_MEC_A3,N_MEC,10.31390512,53.29404852,north,664,European Atlantic mixed forests,2023,R,negative,fresh,mowing,266.55,0.53,0.00204
N_MEC_A4,N_MEC,10.31390512,53.29404852,north,664,European Atlantic mixed forests,2023,R,negative,fresh,mowing,266.32,0.53,0.00202
N_MOO_A1,N_MOO,10.65701565,53.58911462,north,664,European Atlantic mixed forests,2023,R22,restored,fresh,mowing,207.27,0.4,0.00283
N_MOO_A2,N_MOO,10.65701565,53.58911462,north,664,European Atlantic mixed forests,2023,R22,restored,fresh,mowing,212.03,0.4,0.00192
N_MOO_A3,N_MOO,10.65701565,53.58911462,north,664,European Atlantic mixed forests,2023,R22,restored,fresh,mowing,209.26,0.38,0.00176
N_MOO_A4,N_MOO,10.65701565,53.58911462,north,664,European Atlantic mixed forests,2023,R22,restored,fresh,mowing,219.76,0.4,0.00195
N_NLG_A1,N_NLG,11.09491762,53.07630186,north,664,European Atlantic mixed forests,2023,R,restored,moist,mowing,266.03,0.49,0.00175
N_NLG_A2,N_NLG,11.09491762,53.07630186,north,664,European Atlantic mixed forests,2023,Qb,restored,moist,mowing,189.11,1.02,4.5e-4
N_NLG_A3,N_NLG,11.09491762,53.07630186,north,664,European Atlantic mixed forests,2023,R35,restored,moist,mowing,302.57,0.58,6.9e-4
N_NLG_A4,N_NLG,11.09491762,53.07630186,north,664,European Atlantic mixed forests,2023,R35,restored,moist,mowing,303.78,0.59,6.7e-4
N_OCH_A1,N_OCH,10.37203967,53.27486287,north,664,European Atlantic mixed forests,2023,R,restored,dry,mowing,197.35,0.33,2e-4
N_OCH_A2,N_OCH,10.37203967,53.27486287,north,664,European Atlantic mixed forests,2023,R1P,restored,dry,mowing,253.05,0.42,7.8e-4
N_OCH_A3,N_OCH,10.37203967,53.27486287,north,664,European Atlantic mixed forests,2023,R,restored,dry,mowing,238.91,0.54,4.5e-4
N_OCH_A4,N_OCH,10.37203967,53.27486287,north,664,European Atlantic mixed forests,2023,R,restored,dry,mowing,267.96,0.68,7.9e-4
N_OLE_A1,N_OLE,10.25770936,53.29191269,north,664,European Atlantic mixed forests,2023,R,negative,fresh,mowing,314.78,0.55,5.3e-4
N_OLE_A2,N_OLE,10.25770936,53.29191269,north,664,European Atlantic mixed forests,2023,R,negative,fresh,mowing,290.55,0.42,8e-4
N_OLE_A3,N_OLE,10.25770936,53.29191269,north,664,European Atlantic mixed forests,2023,R,negative,fresh,mowing,305.97,0.47,6e-4
N_OLE_A4,N_OLE,10.25770936,53.29191269,north,664,European Atlantic mixed forests,2023,R,negative,fresh,mowing,317.22,0.51,4.8e-4
N_PEV_A1,N_PEV,11.46833565,53.06540809,north,664,European Atlantic mixed forests,2022,R22,restored,dry,both,292.17,0.43,2.4e-4
N_PEV_A2,N_PEV,11.46833565,53.06540809,north,664,European Atlantic mixed forests,2022,R22,restored,dry,both,285.11,0.42,1.5e-4
N_PEV_A3,N_PEV,11.46833565,53.06540809,north,664,European Atlantic mixed forests,2022,R22,restored,dry,both,235.27,0.37,0.00107
N_PEV_A4,N_PEV,11.46833565,53.06540809,north,664,European Atlantic mixed forests,2022,R22,restored,dry,both,240.61,0.54,5.6e-4
N_PFE_A1,N_PFE,10.24418938,53.30522848,north,664,European Atlantic mixed forests,2023,R35,restored,moist,mowing,198.7,0.58,9e-4
N_PFE_A2,N_PFE,10.24418938,53.30522848,north,664,European Atlantic mixed forests,2023,R,restored,moist,mowing,266.14,0.47,0.00161
N_PFE_A3,N_PFE,10.24418938,53.30522848,north,664,European Atlantic mixed forests,2023,R,restored,moist,mowing,255.76,0.47,0.00182
N_PFE_A4,N_PFE,10.24418938,53.30522848,north,664,European Atlantic mixed forests,2023,R,restored,moist,mowing,264.51,0.5,0.00109
N_RAD_A1,N_RAD,10.26511988,53.32796833,north,664,European Atlantic mixed forests,2022,R,negative,moist,mowing,236.08,0.39,9.9e-4
N_RAD_A2,N_RAD,10.26511988,53.32796833,north,664,European Atlantic mixed forests,2022,Q53,negative,moist,mowing,149.67,0.84,7.9e-4
N_RAD_A3,N_RAD,10.26511988,53.32796833,north,664,European Atlantic mixed forests,2022,R,negative,moist,mowing,305.37,0.42,4.7e-4
N_RAD_A4,N_RAD,10.26511988,53.32796833,north,664,European Atlantic mixed forests,2022,R,negative,moist,mowing,292.56,0.33,7.1e-4
N_RET_A1,N_RET,10.26463881,53.32578714,north,664,European Atlantic mixed forests,2022,R22,restored,moist,mowing,277.13,0.48,0.00151
N_RET_A2,N_RET,10.26463881,53.32578714,north,664,European Atlantic mixed forests,2022,R22,restored,moist,mowing,213.34,0.42,0.00361
N_RET_A3,N_RET,10.26463881,53.32578714,north,664,European Atlantic mixed forests,2022,R,restored,moist,mowing,257.12,0.48,0.00126
N_RET_A4,N_RET,10.26463881,53.32578714,north,664,European Atlantic mixed forests,2022,R22,restored,moist,mowing,234.92,0.47,0.00196
N_SCH_A1,N_SCH,11.42651666,53.03730674,north,664,European Atlantic mixed forests,2022,R,positive,moist,mowing,262.46,0.45,4.1e-4
N_SCH_A2,N_SCH,11.42651666,53.03730674,north,664,European Atlantic mixed forests,2022,R,positive,moist,mowing,259.26,0.33,2.5e-4
N_SCH_A3,N_SCH,11.42651666,53.03730674,north,664,European Atlantic mixed forests,2022,R,positive,moist,mowing,248.83,0.33,4.5e-4
N_SCH_A4,N_SCH,11.42651666,53.03730674,north,664,European Atlantic mixed forests,2022,R,positive,moist,mowing,256.04,0.28,3.7e-4
N_SMG_A1,N_SMG,10.55267673,52.53846878,north,664,European Atlantic mixed forests,2022,R,negative,fresh,mowing,275.33,0.7,6.5e-4
N_SMG_A2,N_SMG,10.55267673,52.53846878,north,664,European Atlantic mixed forests,2022,R,negative,fresh,mowing,255.89,0.7,9.6e-4
N_SMG_A3,N_SMG,10.55267673,52.53846878,north,664,European Atlantic mixed forests,2022,R,negative,fresh,mowing,300.87,0.66,3e-4
N_SMG_A4,N_SMG,10.55267673,52.53846878,north,664,European Atlantic mixed forests,2022,R,negative,fresh,mowing,303.73,0.67,3.8e-4
N_STA_A1,N_STA,10.95623026,53.23560299,north,664,European Atlantic mixed forests,2023,R21,restored,fresh,mowing,209.31,0.41,0.00343
N_STA_A2,N_STA,10.95623026,53.23560299,north,664,European Atlantic mixed forests,2023,R22,restored,fresh,mowing,191.74,0.48,0.00347
N_STA_A3,N_STA,10.95623026,53.23560299,north,664,European Atlantic mixed forests,2023,R22,restored,fresh,mowing,191.13,0.47,0.00485
N_STA_A4,N_STA,10.95623026,53.23560299,north,664,European Atlantic mixed forests,2023,R,restored,fresh,mowing,195.54,0.5,0.0035
N_STE_A1,N_STE,9.644420627,54.37676893,north,664,European Atlantic mixed forests,2022,R,positive,moist,both,276.83,0.47,6.7e-4
N_STE_A2,N_STE,9.644420627,54.37676893,north,664,European Atlantic mixed forests,2022,R,positive,moist,both,277.36,0.48,4.2e-4
N_STE_A3,N_STE,9.644420627,54.37676893,north,664,European Atlantic mixed forests,2022,R,positive,moist,both,295.56,0.58,4.5e-4
N_STE_A4,N_STE,9.644420627,54.37676893,north,664,European Atlantic mixed forests,2022,R,positive,moist,both,287.94,0.56,6.4e-4
N_TAN_A1,N_TAN,10.88157921,53.18174904,north,664,European Atlantic mixed forests,2023,R,restored,fresh,grazing,250.1,0.41,0.00121
N_TAN_A2,N_TAN,10.88157921,53.18174904,north,664,European Atlantic mixed forests,2023,R,restored,fresh,grazing,251.72,0.55,0.00131
N_TAN_A3,N_TAN,10.88157921,53.18174904,north,664,European Atlantic mixed forests,2023,R35,restored,fresh,grazing,215.52,0.58,9.6e-4
N_TAN_A4,N_TAN,10.88157921,53.18174904,north,664,European Atlantic mixed forests,2023,R,restored,fresh,grazing,259.26,0.54,0.00109
N_TAS_A1,N_TAS,10.8822017,53.14036873,north,664,European Atlantic mixed forests,2023,R21,restored,fresh,grazing,242.48,0.5,0.002
N_TAS_A2,N_TAS,10.8822017,53.14036873,north,664,European Atlantic mixed forests,2023,R21,restored,fresh,grazing,223.81,0.45,0.00357
N_TAS_A3,N_TAS,10.8822017,53.14036873,north,664,European Atlantic mixed forests,2023,R21,restored,fresh,grazing,234.83,0.54,0.00162
N_TAS_A4,N_TAS,10.8822017,53.14036873,north,664,European Atlantic mixed forests,2023,R21,restored,fresh,grazing,232.8,0.53,0.00176
N_TRI_A1,N_TRI,11.0939351,53.15897651,north,664,European Atlantic mixed forests,2023,R,negative,fresh,mowing,237.72,0.53,0.0019
N_TRI_A2,N_TRI,11.0939351,53.15897651,north,664,European Atlantic mixed forests,2023,R,negative,fresh,mowing,219.12,0.41,0.00364
N_TRI_A3,N_TRI,11.0939351,53.15897651,north,664,European Atlantic mixed forests,2023,R22,negative,fresh,mowing,210.97,0.47,0.00326
N_TRI_A4,N_TRI,11.0939351,53.15897651,north,664,European Atlantic mixed forests,2023,R22,negative,fresh,mowing,200.54,0.44,0.00512
N_TUT_A1,N_TUT,9.934592759,53.11325527,north,664,European Atlantic mixed forests,2022,R22,restored,dry,grazing,273.24,0.46,1.6e-4
N_TUT_A2,N_TUT,9.934592759,53.11325527,north,664,European Atlantic mixed forests,2022,R22,restored,dry,grazing,270.79,0.58,2.3e-4
N_TUT_A3,N_TUT,9.934592759,53.11325527,north,664,European Atlantic mixed forests,2022,R22,restored,dry,grazing,274.69,0.43,8.3e-4
N_TUT_A4,N_TUT,9.934592759,53.11325527,north,664,European Atlantic mixed forests,2022,R,restored,dry,grazing,278.87,0.37,5.1e-4
N_UET_A1,N_UET,9.718224004,53.62918256,north,664,European Atlantic mixed forests,2022,R,negative,fresh,both,275.4,0.41,9e-4
N_UET_A2,N_UET,9.718224004,53.62918256,north,664,European Atlantic mixed forests,2022,R,negative,fresh,both,242.66,0.4,0.00136
N_UET_A3,N_UET,9.718224004,53.62918256,north,664,European Atlantic mixed forests,2022,R,negative,fresh,both,273.45,0.4,0.00116
N_UET_A4,N_UET,9.718224004,53.62918256,north,664,European Atlantic mixed forests,2022,R,negative,fresh,both,262.41,0.25,7.3e-4
N_VIE_A1,N_VIE,10.66972437,53.36600443,north,664,European Atlantic mixed forests,2022,R22,positive,dry,mowing,224.56,0.4,0.00243
N_VIE_A2,N_VIE,10.66972437,53.36600443,north,664,European Atlantic mixed forests,2022,R22,positive,dry,mowing,225.37,0.37,0.00267
N_VIE_A3,N_VIE,10.66972437,53.36600443,north,664,European Atlantic mixed forests,2022,R21,positive,dry,mowing,227.68,0.36,0.0019
N_VIE_A4,N_VIE,10.66972437,53.36600443,north,664,European Atlantic mixed forests,2022,R21,positive,dry,mowing,240.1,0.32,3.4e-4
N_VOG_A1,N_VOG,10.33981105,53.28352764,north,664,European Atlantic mixed forests,2023,R,restored,moist,mowing,311.06,0.62,5e-4
N_VOG_A2,N_VOG,10.33981105,53.28352764,north,664,European Atlantic mixed forests,2023,R,restored,moist,mowing,330.83,0.64,4.4e-4
N_VOG_A3,N_VOG,10.33981105,53.28352764,north,664,European Atlantic mixed forests,2023,R,restored,moist,mowing,302.98,0.68,6.1e-4
N_VOG_A4,N_VOG,10.33981105,53.28352764,north,664,European Atlantic mixed forests,2023,R,restored,moist,mowing,331.52,0.67,3.9e-4
N_WAL_A1,N_WAL,10.32606436,53.30616173,north,664,European Atlantic mixed forests,2023,R,restored,moist,mowing,260.48,0.7,8.2e-4
N_WAL_A2,N_WAL,10.32606436,53.30616173,north,664,European Atlantic mixed forests,2023,R35,restored,moist,mowing,231.15,0.7,0.00108
N_WAL_A3,N_WAL,10.32606436,53.30616173,north,664,European Atlantic mixed forests,2023,R,restored,moist,mowing,258.46,0.62,8.1e-4
N_WAL_A4,N_WAL,10.32606436,53.30616173,north,664,European Atlantic mixed forests,2023,V15,restored,moist,mowing,252.6,0.46,0.00335
N_WEN_A1,N_WEN,10.2886445,53.50726174,north,664,European Atlantic mixed forests,2022,R22,restored,dry,grazing,212.44,0.38,0.00266
N_WEN_A2,N_WEN,10.2886445,53.50726174,north,664,European Atlantic mixed forests,2022,R22,restored,dry,grazing,227.71,0.43,0.00191
N_WEN_A3,N_WEN,10.2886445,53.50726174,north,664,European Atlantic mixed forests,2022,R22,restored,dry,grazing,229.95,0.44,0.00265
N_WEN_A4,N_WEN,10.2886445,53.50726174,north,664,European Atlantic mixed forests,2022,R22,restored,dry,grazing,209.73,0.45,0.00422
N_WER_A1,N_WER,11.44244748,53.03215809,north,664,European Atlantic mixed forests,2023,R,positive,moist,mowing,269.8,0.5,9.4e-4
N_WER_A2,N_WER,11.44244748,53.03215809,north,664,European Atlantic mixed forests,2023,R,positive,moist,mowing,256.64,0.51,8.1e-4
N_WER_A3,N_WER,11.44244748,53.03215809,north,664,European Atlantic mixed forests,2023,R,positive,moist,mowing,255.05,0.49,5.9e-4
N_WER_A4,N_WER,11.44244748,53.03215809,north,664,European Atlantic mixed forests,2023,R,positive,moist,mowing,259.89,0.47,7.6e-4
N_WIZ_A1,N_WIZ,10.62512681,53.45419964,north,664,European Atlantic mixed forests,2023,R22,positive,dry,NA,237.56,0.57,7.8e-4
N_WIZ_A2,N_WIZ,10.62512681,53.45419964,north,664,European Atlantic mixed forests,2023,R,positive,dry,NA,222.45,0.43,0.00214
N_WIZ_A3,N_WIZ,10.62512681,53.45419964,north,664,European Atlantic mixed forests,2023,R,positive,dry,NA,250.07,0.58,0.00105
N_WIZ_A4,N_WIZ,10.62512681,53.45419964,north,664,European Atlantic mixed forests,2023,R22,positive,dry,NA,265.1,0.6,9.9e-4
N_ZDF_A1,N_ZDF,10.03877469,53.46811983,north,664,European Atlantic mixed forests,2022,R22,restored,fresh,mowing,254.15,0.66,8.5e-4
N_ZDF_A2,N_ZDF,10.03877469,53.46811983,north,664,European Atlantic mixed forests,2022,R22,restored,fresh,mowing,250.55,0.57,0.00149
N_ZDF_A3,N_ZDF,10.03877469,53.46811983,north,664,European Atlantic mixed forests,2022,R,restored,fresh,mowing,249.8,0.68,7.7e-4
N_ZDF_A4,N_ZDF,10.03877469,53.46811983,north,664,European Atlantic mixed forests,2022,R22,restored,fresh,mowing,274.03,0.71,9.4e-4
S_ACR_A1,S_ACR,12.94115244,48.76934451,south,686,Western European broadleaf forests,2022,R1A,restored,dry,mowing,195.74,0.4,0.00231
S_ACR_A2,S_ACR,12.94115244,48.76934451,south,686,Western European broadleaf forests,2022,R1A,restored,dry,mowing,208.7,0.42,0.00243
S_ACR_A3,S_ACR,12.94115244,48.76934451,south,686,Western European broadleaf forests,2022,R,restored,dry,mowing,210.3,0.43,0.00273
S_ACR_A4,S_ACR,12.94115244,48.76934451,south,686,Western European broadleaf forests,2022,R1A,restored,dry,mowing,208.39,0.3,0.00238
S_AFR_A1,S_AFR,12.19621171,48.43163073,south,686,Western European broadleaf forests,2023,R,restored,fresh,mowing,272.78,0.54,8.9e-4
S_AFR_A2,S_AFR,12.19621171,48.43163073,south,686,Western European broadleaf forests,2023,R22,restored,fresh,mowing,270.8,0.6,6.9e-4
S_AFR_A3,S_AFR,12.19621171,48.43163073,south,686,Western European broadleaf forests,2023,R22,restored,fresh,mowing,281.22,0.72,7.3e-4
S_AFR_A4,S_AFR,12.19621171,48.43163073,south,686,Western European broadleaf forests,2023,R22,restored,fresh,mowing,273.46,0.43,7e-4
S_AMP_A1,S_AMP,11.728948,48.45557417,south,686,Western European broadleaf forests,2023,R,positive,moist,mowing,221.81,0.47,0.00175
S_AMP_A2,S_AMP,11.728948,48.45557417,south,686,Western European broadleaf forests,2023,R,positive,moist,mowing,227.58,0.44,0.00184
S_AMP_A3,S_AMP,11.728948,48.45557417,south,686,Western European broadleaf forests,2023,R,positive,moist,mowing,234.15,0.4,0.00135
S_AMP_A4,S_AMP,11.728948,48.45557417,south,686,Western European broadleaf forests,2023,R22,positive,moist,mowing,240.1,0.5,0.0016
S_AUH_A1,S_AUH,12.7596479,48.60586598,south,686,Western European broadleaf forests,2022,R,restored,dry,mowing,242.67,0.49,9.4e-4
S_AUH_A2,S_AUH,12.7596479,48.60586598,south,686,Western European broadleaf forests,2022,R1A,restored,dry,mowing,204.19,0.36,0.00296
S_AUH_A3,S_AUH,12.7596479,48.60586598,south,686,Western European broadleaf forests,2022,R1A,restored,dry,mowing,220.99,0.3,0.00192
S_AUH_A4,S_AUH,12.7596479,48.60586598,south,686,Western European broadleaf forests,2022,R1A,restored,dry,mowing,213.36,0.38,0.00242
S_AUL_A1,S_AUL,12.21921022,48.57198665,south,686,Western European broadleaf forests,2022,R22,restored,fresh,mowing,220.73,0.45,0.00241
S_AUL_A2,S_AUL,12.21921022,48.57198665,south,686,Western European broadleaf forests,2022,R,restored,fresh,mowing,221.09,0.52,0.00291
S_AUL_A3,S_AUL,12.21921022,48.57198665,south,686,Western European broadleaf forests,2022,R22,restored,fresh,mowing,237.04,0.5,0.00167
S_AUL_A4,S_AUL,12.21921022,48.57198665,south,686,Western European broadleaf forests,2022,R22,restored,fresh,mowing,220.7,0.45,0.00202
S_BUC_A1,S_BUC,12.91594009,48.25495346,south,686,Western European broadleaf forests,2022,R22,restored,dry,mowing,246.9,0.33,7.4e-4
S_BUC_A2,S_BUC,12.91594009,48.25495346,south,686,Western European broadleaf forests,2022,R22,restored,dry,mowing,270.5,0.43,5.9e-4
S_BUC_A3,S_BUC,12.91594009,48.25495346,south,686,Western European broadleaf forests,2022,R22,restored,dry,mowing,268.58,0.44,9e-4
S_BUC_A4,S_BUC,12.91594009,48.25495346,south,686,Western European broadleaf forests,2022,R22,restored,dry,mowing,268.87,0.49,7.5e-4
S_DIE_A1,S_DIE,11.68287532,48.27532086,south,686,Western European broadleaf forests,2022,R,negative,dry,mowing,276.9,0.72,6.5e-4
S_DIE_A2,S_DIE,11.68287532,48.27532086,south,686,Western European broadleaf forests,2022,R,negative,dry,mowing,266.37,0.64,6.4e-4
S_DIE_A3,S_DIE,11.68287532,48.27532086,south,686,Western European broadleaf forests,2022,R,negative,dry,mowing,260.82,0.63,5.5e-4
S_DIE_A4,S_DIE,11.68287532,48.27532086,south,686,Western European broadleaf forests,2022,R22,negative,dry,mowing,271.21,0.65,6.3e-4
S_ECH_A1,S_ECH,11.64420748,48.27851352,south,686,Western European broadleaf forests,2022,R1A,restored,dry,mowing,222.91,0.34,0.00171
S_ECH_A2,S_ECH,11.64420748,48.27851352,south,686,Western European broadleaf forests,2022,R1A,restored,dry,mowing,217.88,0.35,0.00174
S_ECH_A3,S_ECH,11.64420748,48.27851352,south,686,Western European broadleaf forests,2022,R,restored,dry,mowing,209.86,0.39,0.00168
S_ECH_A4,S_ECH,11.64420748,48.27851352,south,686,Western European broadleaf forests,2022,R1A,restored,dry,mowing,209.93,0.36,0.00195
S_EIT_A1,S_EIT,12.33237085,48.8117411,south,686,Western European broadleaf forests,2023,R22,positive,fresh,mowing,252.03,0.52,0.00108
S_EIT_A2,S_EIT,12.33237085,48.8117411,south,686,Western European broadleaf forests,2023,R,positive,fresh,mowing,260.66,0.46,0.00122
S_EIT_A3,S_EIT,12.33237085,48.8117411,south,686,Western European broadleaf forests,2023,R,positive,fresh,mowing,252.35,0.43,0.0013
S_EIT_A4,S_EIT,12.33237085,48.8117411,south,686,Western European broadleaf forests,2023,R,positive,fresh,mowing,259.66,0.49,0.00121
S_FCH_A1,S_FCH,12.99798414,48.7778517,south,686,Western European broadleaf forests,2022,R22,restored,fresh,mowing,241.85,0.44,0.00128
S_FCH_A2,S_FCH,12.99798414,48.7778517,south,686,Western European broadleaf forests,2022,R,restored,fresh,mowing,212.61,0.38,0.00199
S_FCH_A3,S_FCH,12.99798414,48.7778517,south,686,Western European broadleaf forests,2022,R22,restored,fresh,mowing,232.03,0.55,0.00101
S_FCH_A4,S_FCH,12.99798414,48.7778517,south,686,Western European broadleaf forests,2022,R22,restored,fresh,mowing,234.56,0.5,0.00158
S_FHZ_A1,S_FHZ,11.62566181,48.33018411,south,686,Western European broadleaf forests,2022,R37,restored,moist,mowing,219.72,0.41,0.00112
S_FHZ_A2,S_FHZ,11.62566181,48.33018411,south,686,Western European broadleaf forests,2022,R37,restored,moist,mowing,205.68,0.56,0.001
S_FHZ_A3,S_FHZ,11.62566181,48.33018411,south,686,Western European broadleaf forests,2022,R35,restored,moist,mowing,208.49,0.71,2.4e-4
S_FHZ_A4,S_FHZ,11.62566181,48.33018411,south,686,Western European broadleaf forests,2022,R35,restored,moist,mowing,207.05,0.6,8.8e-4
S_GIG_A1,S_GIG,11.67758768,48.36299592,south,686,Western European broadleaf forests,2022,R22,restored,fresh,mowing,274.54,0.65,5.3e-4
S_GIG_A2,S_GIG,11.67758768,48.36299592,south,686,Western European broadleaf forests,2022,R,restored,fresh,mowing,238.39,0.6,0.0016
S_GIG_A3,S_GIG,11.67758768,48.36299592,south,686,Western European broadleaf forests,2022,Sa,restored,fresh,mowing,203.22,0.38,8.3e-4
S_GIG_A4,S_GIG,11.67758768,48.36299592,south,686,Western European broadleaf forests,2022,R,restored,fresh,mowing,242.6,0.66,0.00104
S_GSH_A1,S_GSH,12.23745702,48.48982286,south,686,Western European broadleaf forests,2022,V11,restored,fresh,mowing,240.44,0.49,0.00139
S_GSH_A2,S_GSH,12.23745702,48.48982286,south,686,Western European broadleaf forests,2022,V11,restored,fresh,mowing,247.3,0.49,0.00102
S_GSH_A3,S_GSH,12.23745702,48.48982286,south,686,Western European broadleaf forests,2022,R,restored,fresh,mowing,257.93,0.44,0.00111
S_GSH_A4,S_GSH,12.23745702,48.48982286,south,686,Western European broadleaf forests,2022,R22,restored,fresh,mowing,259.8,0.5,0.00114
S_GSR_A1,S_GSR,12.33541826,48.80917261,south,686,Western European broadleaf forests,2023,R22,restored,fresh,mowing,280.69,0.67,0.00109
S_GSR_A2,S_GSR,12.33541826,48.80917261,south,686,Western European broadleaf forests,2023,R,restored,fresh,mowing,273.6,0.47,9.1e-4
S_GSR_A3,S_GSR,12.33541826,48.80917261,south,686,Western European broadleaf forests,2023,R,restored,fresh,mowing,278.28,0.49,5.4e-4
S_GSR_A4,S_GSR,12.33541826,48.80917261,south,686,Western European broadleaf forests,2023,R,restored,fresh,mowing,285.89,0.5,6.3e-4
S_GTZ_A1,S_GTZ,12.91075347,48.28923404,south,686,Western European broadleaf forests,2022,R,restored,moist,mowing,246.19,0.46,0.00111
S_GTZ_A2,S_GTZ,12.91075347,48.28923404,south,686,Western European broadleaf forests,2022,R35,restored,moist,mowing,246.92,0.57,4.7e-4
S_GTZ_A3,S_GTZ,12.91075347,48.28923404,south,686,Western European broadleaf forests,2022,R,restored,moist,mowing,255.68,0.33,7.7e-4
S_GTZ_A4,S_GTZ,12.91075347,48.28923404,south,686,Western European broadleaf forests,2022,R22,restored,moist,mowing,280.71,0.49,2.6e-4
S_HBF_A1,S_HBF,12.84243042,48.39936525,south,686,Western European broadleaf forests,2023,R,negative,fresh,mowing,300.75,0.31,5e-4
S_HBF_A2,S_HBF,12.84243042,48.39936525,south,686,Western European broadleaf forests,2023,R,negative,fresh,mowing,321.73,0.21,4.8e-4
S_HBF_A3,S_HBF,12.84243042,48.39936525,south,686,Western European broadleaf forests,2023,R,negative,fresh,mowing,287.1,0.4,7.9e-4
S_HBF_A4,S_HBF,12.84243042,48.39936525,south,686,Western European broadleaf forests,2023,R21,negative,fresh,mowing,259.46,0.52,0.0016
S_HGR_A1,S_HGR,12.17203485,48.53001885,south,686,Western European broadleaf forests,2022,R,negative,fresh,mowing,262.34,0.62,6.2e-4
S_HGR_A2,S_HGR,12.17203485,48.53001885,south,686,Western European broadleaf forests,2022,R,negative,fresh,mowing,294.1,0.62,3e-4
S_HGR_A3,S_HGR,12.17203485,48.53001885,south,686,Western European broadleaf forests,2022,R,negative,fresh,mowing,295.83,0.68,2.4e-4
S_HGR_A4,S_HGR,12.17203485,48.53001885,south,686,Western European broadleaf forests,2022,R22,negative,fresh,mowing,279.37,0.61,6.1e-4
S_HLZ_A1,S_HLZ,12.79959234,48.51803671,south,686,Western European broadleaf forests,2022,R,restored,moist,mowing,261.71,0.55,5.9e-4
S_HLZ_A2,S_HLZ,12.79959234,48.51803671,south,686,Western European broadleaf forests,2022,R,restored,moist,mowing,272.64,0.54,3.4e-4
S_HLZ_A3,S_HLZ,12.79959234,48.51803671,south,686,Western European broadleaf forests,2022,R,restored,moist,mowing,256.72,0.43,5e-4
S_HLZ_A4,S_HLZ,12.79959234,48.51803671,south,686,Western European broadleaf forests,2022,R,restored,moist,mowing,206.98,0.41,9.8e-4
S_HTH_A1,S_HTH,12.35473657,48.61669657,south,686,Western European broadleaf forests,2023,R,restored,dry,mowing,201.61,0.43,0.00184
S_HTH_A2,S_HTH,12.35473657,48.61669657,south,686,Western European broadleaf forests,2023,R,restored,dry,mowing,211.07,0.43,0.00196
S_HTH_A3,S_HTH,12.35473657,48.61669657,south,686,Western European broadleaf forests,2023,R1A,restored,dry,mowing,214.1,0.42,0.00138
S_HTH_A4,S_HTH,12.35473657,48.61669657,south,686,Western European broadleaf forests,2023,R22,restored,dry,mowing,209.52,0.45,0.00256
S_HUB_A1,S_HUB,12.72431246,48.40861092,south,686,Western European broadleaf forests,2023,R,restored,dry,mowing,220.56,0.47,0.00131
S_HUB_A2,S_HUB,12.72431246,48.40861092,south,686,Western European broadleaf forests,2023,R22,restored,dry,mowing,242,0.42,0.0011
S_HUB_A3,S_HUB,12.72431246,48.40861092,south,686,Western European broadleaf forests,2023,R22,restored,dry,mowing,203.76,0.33,0.00215
S_HUB_A4,S_HUB,12.72431246,48.40861092,south,686,Western European broadleaf forests,2023,R22,restored,dry,mowing,240.91,0.38,0.00118
S_JAN_A1,S_JAN,12.69901395,48.539158810000004,south,686,Western European broadleaf forests,2022,R,negative,fresh,mowing,289.26,0.54,7.8e-4
S_JAN_A2,S_JAN,12.69901395,48.539158810000004,south,686,Western European broadleaf forests,2022,R,negative,fresh,mowing,276.38,0.54,5.2e-4
S_JAN_A3,S_JAN,12.69901395,48.539158810000004,south,686,Western European broadleaf forests,2022,R,negative,fresh,mowing,275.19,0.36,8.8e-4
S_JAN_A4,S_JAN,12.69901395,48.539158810000004,south,686,Western European broadleaf forests,2022,R,negative,fresh,mowing,283.44,0.55,3.7e-4
S_JAU_A1,S_JAU,12.71231385,48.50161319,south,686,Western European broadleaf forests,2022,R,restored,fresh,mowing,255.88,0.45,9.1e-4
S_JAU_A2,S_JAU,12.71231385,48.50161319,south,686,Western European broadleaf forests,2022,R21,restored,fresh,mowing,245.82,0.46,0.00112
S_JAU_A3,S_JAU,12.71231385,48.50161319,south,686,Western European broadleaf forests,2022,R22,restored,fresh,mowing,249.37,0.46,9.1e-4
S_JAU_A4,S_JAU,12.71231385,48.50161319,south,686,Western European broadleaf forests,2022,R22,restored,fresh,mowing,247.7,0.45,0.00106
S_JHB_A1,S_JHB,12.47326098,48.47581201,south,686,Western European broadleaf forests,2023,R,restored,moist,mowing,248,0.49,9.8e-4
S_JHB_A2,S_JHB,12.47326098,48.47581201,south,686,Western European broadleaf forests,2023,R22,restored,moist,mowing,246.39,0.53,8.4e-4
S_JHB_A3,S_JHB,12.47326098,48.47581201,south,686,Western European broadleaf forests,2023,R,restored,moist,mowing,245.73,0.52,7.3e-4
S_JHB_A4,S_JHB,12.47326098,48.47581201,south,686,Western European broadleaf forests,2023,R22,restored,moist,mowing,253.96,0.54,7.1e-4
S_JOS_A1,S_JOS,12.1719055,48.52702364,south,686,Western European broadleaf forests,2022,R,restored,fresh,mowing,265.18,0.43,8.4e-4
S_JOS_A2,S_JOS,12.1719055,48.52702364,south,686,Western European broadleaf forests,2022,R,restored,fresh,mowing,250.09,0.42,0.00154
S_JOS_A3,S_JOS,12.1719055,48.52702364,south,686,Western European broadleaf forests,2022,R21,restored,fresh,mowing,245.97,0.43,0.00176
S_JOS_A4,S_JOS,12.1719055,48.52702364,south,686,Western European broadleaf forests,2022,R,restored,fresh,mowing,243.18,0.45,0.00123
S_KDT_A1,S_KDT,11.88897373,48.77168548,south,686,Western European broadleaf forests,2023,R22,positive,fresh,mowing,226.64,0.48,0.00116
S_KDT_A2,S_KDT,11.88897373,48.77168548,south,686,Western European broadleaf forests,2023,R,positive,fresh,mowing,222.93,0.45,0.00145
S_KDT_A3,S_KDT,11.88897373,48.77168548,south,686,Western European broadleaf forests,2023,R22,positive,fresh,mowing,235.27,0.39,0.00112
S_KDT_A4,S_KDT,11.88897373,48.77168548,south,686,Western European broadleaf forests,2023,R,positive,fresh,mowing,228.41,0.45,0.00159
S_KRT_A1,S_KRT,11.61319851,48.43912991,south,686,Western European broadleaf forests,2023,R,restored,dry,both,191.68,0.27,0.00187
S_KRT_A2,S_KRT,11.61319851,48.43912991,south,686,Western European broadleaf forests,2023,R,restored,dry,both,215.77,0.47,0.00361
S_KRT_A3,S_KRT,11.61319851,48.43912991,south,686,Western European broadleaf forests,2023,R22,restored,dry,both,236.13,0.5,0.00204
S_KRT_A4,S_KRT,11.61319851,48.43912991,south,686,Western European broadleaf forests,2023,R1A,restored,dry,both,176.14,0.26,0.00183
S_LAP_A1,S_LAP,12.09402349,48.54027517,south,686,Western European broadleaf forests,2023,R22,restored,fresh,mowing,260.95,0.72,0.00236
S_LAP_A2,S_LAP,12.09402349,48.54027517,south,686,Western European broadleaf forests,2023,R,restored,fresh,mowing,279.26,0.88,2.5e-4
S_LAP_A3,S_LAP,12.09402349,48.54027517,south,686,Western European broadleaf forests,2023,R,restored,fresh,mowing,254.28,0.73,0.00144
S_LAP_A4,S_LAP,12.09402349,48.54027517,south,686,Western European broadleaf forests,2023,V15,restored,fresh,mowing,253.56,0.39,7.9e-4
S_LPI_A1,S_LPI,12.7908912,48.69968268,south,686,Western European broadleaf forests,2023,R1A,restored,dry,mowing,200.82,0.38,0.00206
S_LPI_A2,S_LPI,12.7908912,48.69968268,south,686,Western European broadleaf forests,2023,R22,restored,dry,mowing,234.44,0.47,0.00178
S_LPI_A3,S_LPI,12.7908912,48.69968268,south,686,Western European broadleaf forests,2023,R,restored,dry,mowing,222.52,0.45,0.00178
S_LPI_A4,S_LPI,12.7908912,48.69968268,south,686,Western European broadleaf forests,2023,R1A,restored,dry,mowing,216.49,0.4,0.00249
S_MAS_A1,S_MAS,11.6437404,48.33687532,south,686,Western European broadleaf forests,2023,R,restored,moist,mowing,207.49,0.55,0.00105
S_MAS_A2,S_MAS,11.6437404,48.33687532,south,686,Western European broadleaf forests,2023,R,restored,moist,mowing,237.16,0.56,0.00188
S_MAS_A3,S_MAS,11.6437404,48.33687532,south,686,Western European broadleaf forests,2023,R,restored,moist,mowing,212.86,0.5,0.00373
S_MAS_A4,S_MAS,11.6437404,48.33687532,south,686,Western European broadleaf forests,2023,R22,restored,moist,mowing,248.98,0.52,0.00152
S_MBM_A1,S_MBM,12.30389712,48.62358624,south,686,Western European broadleaf forests,2022,R1A,restored,moist,mowing,200.65,0.35,0.0011
S_MBM_A2,S_MBM,12.30389712,48.62358624,south,686,Western European broadleaf forests,2022,R1A,restored,moist,mowing,219.38,0.4,0.00154
S_MBM_A3,S_MBM,12.30389712,48.62358624,south,686,Western European broadleaf forests,2022,R1A,restored,moist,mowing,217.19,0.58,0.00119
S_MBM_A4,S_MBM,12.30389712,48.62358624,south,686,Western European broadleaf forests,2022,Q53,restored,moist,mowing,182.49,0.73,7.9e-4
S_MCH_A1,S_MCH,12.07870896,48.53248617,south,686,Western European broadleaf forests,2023,R22,restored,fresh,mowing,204.53,0.48,0.00209
S_MCH_A2,S_MCH,12.07870896,48.53248617,south,686,Western European broadleaf forests,2023,R22,restored,fresh,mowing,214.38,0.47,0.00172
S_MCH_A3,S_MCH,12.07870896,48.53248617,south,686,Western European broadleaf forests,2023,R22,restored,fresh,mowing,220.38,0.47,0.00125
S_MCH_A4,S_MCH,12.07870896,48.53248617,south,686,Western European broadleaf forests,2023,R22,restored,fresh,mowing,224.06,0.49,0.00187
S_MHH_A1,S_MHH,11.60328534,48.26931298,south,686,Western European broadleaf forests,2023,R,positive,dry,both,205.63,0.34,0.00171
S_MHH_A2,S_MHH,11.60328534,48.26931298,south,686,Western European broadleaf forests,2023,R,positive,dry,both,198.46,0.37,0.0017
S_MHH_A3,S_MHH,11.60328534,48.26931298,south,686,Western European broadleaf forests,2023,R,positive,dry,both,214.48,0.45,0.00192
S_MHH_A4,S_MHH,11.60328534,48.26931298,south,686,Western European broadleaf forests,2023,R,positive,dry,both,210.02,0.42,0.00205
S_MTK_A1,S_MTK,12.71665297,48.35337998,south,686,Western European broadleaf forests,2023,R,positive,fresh,mowing,221.85,0.49,0.00128
S_MTK_A2,S_MTK,12.71665297,48.35337998,south,686,Western European broadleaf forests,2023,R,positive,fresh,mowing,227.73,0.44,9.7e-4
S_MTK_A3,S_MTK,12.71665297,48.35337998,south,686,Western European broadleaf forests,2023,R,positive,fresh,mowing,247.84,0.45,7.7e-4
S_MTK_A4,S_MTK,12.71665297,48.35337998,south,686,Western European broadleaf forests,2023,R22,positive,fresh,mowing,250.85,0.49,4.8e-4
S_NOZ_A1,S_NOZ,11.85303491,48.30648641,south,686,Western European broadleaf forests,2022,R,restored,fresh,mowing,241.48,0.45,0.00152
S_NOZ_A2,S_NOZ,11.85303491,48.30648641,south,686,Western European broadleaf forests,2022,R,restored,fresh,mowing,220.7,0.53,0.00109
S_NOZ_A3,S_NOZ,11.85303491,48.30648641,south,686,Western European broadleaf forests,2022,R,restored,fresh,mowing,223.11,0.49,0.00169
S_NOZ_A4,S_NOZ,11.85303491,48.30648641,south,686,Western European broadleaf forests,2022,R,restored,fresh,mowing,220.34,0.51,0.00124
S_OST_A1,S_OST,13.0299326,48.69049221,south,686,Western European broadleaf forests,2023,R,restored,moist,mowing,197.51,0.37,0.0015
S_OST_A2,S_OST,13.0299326,48.69049221,south,686,Western European broadleaf forests,2023,R22,restored,moist,mowing,233.6,0.43,8.9e-4
S_OST_A3,S_OST,13.0299326,48.69049221,south,686,Western European broadleaf forests,2023,R,restored,moist,mowing,218.83,0.45,0.00252
S_OST_A4,S_OST,13.0299326,48.69049221,south,686,Western European broadleaf forests,2023,R,restored,moist,mowing,189.2,0.42,0.00139
S_OSW_A1,S_OSW,12.77263565,48.34503539,south,686,Western European broadleaf forests,2023,R22,restored,fresh,mowing,225.84,0.43,0.00121
S_OSW_A2,S_OSW,12.77263565,48.34503539,south,686,Western European broadleaf forests,2023,R22,restored,fresh,mowing,246.29,0.41,0.001
S_OSW_A3,S_OSW,12.77263565,48.34503539,south,686,Western European broadleaf forests,2023,R21,restored,fresh,mowing,288.49,0.45,4.2e-4
S_OSW_A4,S_OSW,12.77263565,48.34503539,south,686,Western European broadleaf forests,2023,R22,restored,fresh,mowing,248.56,0.43,6.9e-4
S_PEI_A1,S_PEI,12.04598848,48.91343401,south,686,Western European broadleaf forests,2022,R22,restored,fresh,mowing,218.69,0.42,8.6e-4
S_PEI_A2,S_PEI,12.04598848,48.91343401,south,686,Western European broadleaf forests,2022,R22,restored,fresh,mowing,231.3,0.48,8.6e-4
S_PEI_A3,S_PEI,12.04598848,48.91343401,south,686,Western European broadleaf forests,2022,R,restored,fresh,mowing,227.95,0.42,0.0013
S_PEI_A4,S_PEI,12.04598848,48.91343401,south,686,Western European broadleaf forests,2022,R,restored,fresh,mowing,265.03,0.47,7.6e-4
S_PEN_A1,S_PEN,12.08385737,48.91885874,south,686,Western European broadleaf forests,2022,R,negative,moist,mowing,250.18,0.59,5.8e-4
S_PEN_A2,S_PEN,12.08385737,48.91885874,south,686,Western European broadleaf forests,2022,R,negative,moist,mowing,253.42,0.58,6.7e-4
S_PEN_A3,S_PEN,12.08385737,48.91885874,south,686,Western European broadleaf forests,2022,R22,negative,moist,mowing,221.7,0.49,8.4e-4
S_PEN_A4,S_PEN,12.08385737,48.91885874,south,686,Western European broadleaf forests,2022,R22,negative,moist,mowing,248.37,0.48,0.00173
S_POP_A1,S_POP,12.752462,48.34326695,south,686,Western European broadleaf forests,2023,R22,restored,fresh,mowing,277.64,0.59,5.5e-4
S_POP_A2,S_POP,12.752462,48.34326695,south,686,Western European broadleaf forests,2023,R22,restored,fresh,mowing,255.53,0.42,8.2e-4
S_POP_A3,S_POP,12.752462,48.34326695,south,686,Western European broadleaf forests,2023,R22,restored,fresh,mowing,255.84,0.48,7.9e-4
S_POP_A4,S_POP,12.752462,48.34326695,south,686,Western European broadleaf forests,2023,R22,restored,fresh,mowing,238.53,0.42,8e-4
S_RUP_A1,S_RUP,12.76338506,48.57072509,south,686,Western European broadleaf forests,2023,R,negative,fresh,mowing,263.16,0.55,0.0013
S_RUP_A2,S_RUP,12.76338506,48.57072509,south,686,Western European broadleaf forests,2023,R,negative,fresh,mowing,256.89,0.55,0.0018600000000000001
S_RUP_A3,S_RUP,12.76338506,48.57072509,south,686,Western European broadleaf forests,2023,R21,negative,fresh,mowing,256.7,0.56,0.00185
S_RUP_A4,S_RUP,12.76338506,48.57072509,south,686,Western European broadleaf forests,2023,R,negative,fresh,mowing,261.64,0.55,0.00147
S_SBA_A1,S_SBA,12.91630909,48.22090622,south,686,Western European broadleaf forests,2022,R,positive,dry,mowing,230.82,0.49,0.00128
S_SBA_A2,S_SBA,12.91630909,48.22090622,south,686,Western European broadleaf forests,2022,R1A,positive,dry,mowing,204.21,0.38,7.5e-4
S_SBA_A3,S_SBA,12.91630909,48.22090622,south,686,Western European broadleaf forests,2022,R1A,positive,dry,mowing,214.05,0.36,9.7e-4
S_SBA_A4,S_SBA,12.91630909,48.22090622,south,686,Western European broadleaf forests,2022,R1A,positive,dry,mowing,209.78,0.3,0.00229
S_SBN_A1,S_SBN,12.91495514,48.2218162,south,686,Western European broadleaf forests,2022,R1A,restored,dry,mowing,193.86,0.27,0.001
S_SBN_A2,S_SBN,12.91495514,48.2218162,south,686,Western European broadleaf forests,2022,R1A,restored,dry,mowing,199.45,0.32,9.4e-4
S_SBN_A3,S_SBN,12.91495514,48.2218162,south,686,Western European broadleaf forests,2022,R1A,restored,dry,mowing,202.82,0.3,7.7e-4
S_SBN_A4,S_SBN,12.91495514,48.2218162,south,686,Western European broadleaf forests,2022,R1A,restored,dry,mowing,200.05,0.33,8e-4
S_SHH_A1,S_SHH,11.80223937,48.84317953,south,686,Western European broadleaf forests,2022,R21,restored,dry,grazing,252.89,0.38,6.5e-4
S_SHH_A2,S_SHH,11.80223937,48.84317953,south,686,Western European broadleaf forests,2022,R21,restored,dry,grazing,222.29,0.23,4.8e-4
S_SHH_A3,S_SHH,11.80223937,48.84317953,south,686,Western European broadleaf forests,2022,R22,restored,dry,grazing,220.18,0.29,6.2e-4
S_SHH_A4,S_SHH,11.80223937,48.84317953,south,686,Western European broadleaf forests,2022,R22,restored,dry,grazing,251.04,0.41,7.3e-4
S_SIM_A1,S_SIM,13.00670297,48.27852534,south,686,Western European broadleaf forests,2023,R,positive,fresh,mowing,208.77,0.59,0.00139
S_SIM_A2,S_SIM,13.00670297,48.27852534,south,686,Western European broadleaf forests,2023,R22,positive,fresh,mowing,230.13,0.53,0.00139
S_SIM_A3,S_SIM,13.00670297,48.27852534,south,686,Western European broadleaf forests,2023,R22,positive,fresh,mowing,229.27,0.41,0.0011
S_SIM_A4,S_SIM,13.00670297,48.27852534,south,686,Western European broadleaf forests,2023,R1A,positive,fresh,mowing,234.56,0.48,0.00248
S_SNF_A1,S_SNF,12.82663992,48.49460355,south,686,Western European broadleaf forests,2022,R,restored,moist,mowing,242.04,0.56,5.3e-4
S_SNF_A2,S_SNF,12.82663992,48.49460355,south,686,Western European broadleaf forests,2022,R,restored,moist,mowing,284.84,0.55,4.3e-4
S_SNF_A3,S_SNF,12.82663992,48.49460355,south,686,Western European broadleaf forests,2022,R,restored,moist,mowing,304.08,0.49,4.8e-4
S_SNF_A4,S_SNF,12.82663992,48.49460355,south,686,Western European broadleaf forests,2022,R,restored,moist,mowing,259.6,0.4,7.1e-4
S_STB_A1,S_STB,12.90330298,48.34946692,south,686,Western European broadleaf forests,2023,R21,restored,moist,mowing,227.06,0.31,7.1e-4
S_STB_A2,S_STB,12.90330298,48.34946692,south,686,Western European broadleaf forests,2023,R,restored,moist,mowing,198.57,0.39,4.7e-4
S_STB_A3,S_STB,12.90330298,48.34946692,south,686,Western European broadleaf forests,2023,R21,restored,moist,mowing,245.02,0.36,7e-4
S_STB_A4,S_STB,12.90330298,48.34946692,south,686,Western European broadleaf forests,2023,R21,restored,moist,mowing,235.69,0.26,9.2e-4
S_STW_A1,S_STW,12.95283715,48.80354079,south,686,Western European broadleaf forests,2022,R37,positive,moist,mowing,205.71,0.49,0.00155
S_STW_A2,S_STW,12.95283715,48.80354079,south,686,Western European broadleaf forests,2022,R35,positive,moist,mowing,214.72,0.51,0.00102
S_STW_A3,S_STW,12.95283715,48.80354079,south,686,Western European broadleaf forests,2022,R,positive,moist,mowing,216.33,0.44,0.00201
S_STW_A4,S_STW,12.95283715,48.80354079,south,686,Western European broadleaf forests,2022,R,positive,moist,mowing,228.04,0.46,0.00216
S_TIE_A1,S_TIE,12.09043374,48.51097382,south,686,Western European broadleaf forests,2023,R22,restored,fresh,mowing,266.18,0.53,0.00168
S_TIE_A2,S_TIE,12.09043374,48.51097382,south,686,Western European broadleaf forests,2023,R22,restored,fresh,mowing,243.41,0.51,0.002
S_TIE_A3,S_TIE,12.09043374,48.51097382,south,686,Western European broadleaf forests,2023,R22,restored,fresh,mowing,234.24,0.48,0.00217
S_TIE_A4,S_TIE,12.09043374,48.51097382,south,686,Western European broadleaf forests,2023,R,restored,fresh,mowing,225.47,0.4,0.00252
S_TRN_A1,S_TRN,11.82695299,48.73620979,south,686,Western European broadleaf forests,2023,V15,restored,fresh,mowing,242.37,0.37,0.00208
S_TRN_A2,S_TRN,11.82695299,48.73620979,south,686,Western European broadleaf forests,2023,R,restored,fresh,mowing,280.71,0.32,7.4e-4
S_TRN_A3,S_TRN,11.82695299,48.73620979,south,686,Western European broadleaf forests,2023,R,restored,fresh,mowing,241.21,0.34,8.3e-4
S_TRN_A4,S_TRN,11.82695299,48.73620979,south,686,Western European broadleaf forests,2023,V,restored,fresh,mowing,255.11,0.46,0.00179
S_UKB_A1,S_UKB,11.57301044,48.43279483,south,686,Western European broadleaf forests,2023,R,negative,fresh,mowing,248,0.44,9e-4
S_UKB_A2,S_UKB,11.57301044,48.43279483,south,686,Western European broadleaf forests,2023,R22,negative,fresh,mowing,223.16,0.49,8.8e-4
S_UKB_A3,S_UKB,11.57301044,48.43279483,south,686,Western European broadleaf forests,2023,R,negative,fresh,mowing,263.94,0.45,0.00121
S_UKB_A4,S_UKB,11.57301044,48.43279483,south,686,Western European broadleaf forests,2023,R22,negative,fresh,mowing,228.47,0.5,0.00111
S_VIB_A1,S_VIB,12.36689193,48.45628545,south,686,Western European broadleaf forests,2023,R,negative,moist,mowing,288.71,0.57,4.6e-4
S_VIB_A2,S_VIB,12.36689193,48.45628545,south,686,Western European broadleaf forests,2023,R,negative,moist,mowing,290.62,0.56,4.2e-4
S_VIB_A3,S_VIB,12.36689193,48.45628545,south,686,Western European broadleaf forests,2023,R,negative,moist,mowing,307.12,0.53,2e-4
S_VIB_A4,S_VIB,12.36689193,48.45628545,south,686,Western European broadleaf forests,2023,R,negative,moist,mowing,294.59,0.59,3.1e-4
S_VLP_A1,S_VLP,12.90589476,48.63870818,south,686,Western European broadleaf forests,2022,R,positive,moist,mowing,238.4,0.55,7.6e-4
S_VLP_A2,S_VLP,12.90589476,48.63870818,south,686,Western European broadleaf forests,2022,R,positive,moist,mowing,232.86,0.47,0.00172
S_VLP_A3,S_VLP,12.90589476,48.63870818,south,686,Western European broadleaf forests,2022,R,positive,moist,mowing,207.2,0.54,0.00125
S_VLP_A4,S_VLP,12.90589476,48.63870818,south,686,Western European broadleaf forests,2022,R35,positive,moist,mowing,209.92,0.58,9.9e-4
S_VLR_A1,S_VLR,12.91962329,48.63645504,south,686,Western European broadleaf forests,2022,R,restored,fresh,mowing,263.22,0.49,0.00339
S_VLR_A2,S_VLR,12.91962329,48.63645504,south,686,Western European broadleaf forests,2022,R22,restored,fresh,mowing,263.17,0.49,0.00117
S_VLR_A3,S_VLR,12.91962329,48.63645504,south,686,Western European broadleaf forests,2022,R,restored,fresh,mowing,267.99,0.47,0.00118
S_VLR_A4,S_VLR,12.91962329,48.63645504,south,686,Western European broadleaf forests,2022,R,restored,fresh,mowing,269.65,0.54,0.00123
S_WGD_A1,S_WGD,12.43641984,48.56602654,south,686,Western European broadleaf forests,2022,R22,restored,fresh,mowing,236.14,0.62,0.00166
S_WGD_A2,S_WGD,12.43641984,48.56602654,south,686,Western European broadleaf forests,2022,R22,restored,fresh,mowing,247.07,0.67,0.00205
S_WGD_A3,S_WGD,12.43641984,48.56602654,south,686,Western European broadleaf forests,2022,R22,restored,fresh,mowing,224.59,0.5,0.00109
S_WGD_A4,S_WGD,12.43641984,48.56602654,south,686,Western European broadleaf forests,2022,R22,restored,fresh,mowing,237.3,0.48,0.00105
S_WLF_A1,S_WLF,11.71529076,48.47763047,south,686,Western European broadleaf forests,2023,R,negative,fresh,mowing,291.9,0.59,1.6e-4
S_WLF_A2,S_WLF,11.71529076,48.47763047,south,686,Western European broadleaf forests,2023,R,negative,fresh,mowing,250.64,0.39,0.00128
S_WLF_A3,S_WLF,11.71529076,48.47763047,south,686,Western European broadleaf forests,2023,R,negative,fresh,mowing,254.72,0.58,7.4e-4
S_WLF_A4,S_WLF,11.71529076,48.47763047,south,686,Western European broadleaf forests,2023,R,negative,fresh,mowing,266.04,0.61,6.6e-4
S_WNG_A1,S_WNG,12.37349432,48.65857576,south,686,Western European broadleaf forests,2023,R1A,positive,dry,mowing,205.24,0.34,0.00254
S_WNG_A2,S_WNG,12.37349432,48.65857576,south,686,Western European broadleaf forests,2023,R1A,positive,dry,mowing,210.27,0.39,0.00188
S_WNG_A3,S_WNG,12.37349432,48.65857576,south,686,Western European broadleaf forests,2023,R1A,positive,dry,mowing,178.1,0.29,0.00336
S_WNG_A4,S_WNG,12.37349432,48.65857576,south,686,Western European broadleaf forests,2023,R1A,positive,dry,mowing,189.03,0.31,0.00244
S_WNK_A1,S_WNK,13.05049386,48.28204403,south,686,Western European broadleaf forests,2023,R,restored,fresh,mowing,238.49,0.39,0.00106
S_WNK_A2,S_WNK,13.05049386,48.28204403,south,686,Western European broadleaf forests,2023,R22,restored,fresh,mowing,249.39,0.39,8.6e-4
S_WNK_A3,S_WNK,13.05049386,48.28204403,south,686,Western European broadleaf forests,2023,R,restored,fresh,mowing,229.23,0.43,0.00192
S_WNK_A4,S_WNK,13.05049386,48.28204403,south,686,Western European broadleaf forests,2023,R,restored,fresh,mowing,226.21,0.4,0.00152
S_WTB_A1,S_WTB,13.0168955,48.32459274,south,686,Western European broadleaf forests,2023,R,negative,fresh,mowing,278.38,0.42,6.2e-4
S_WTB_A2,S_WTB,13.0168955,48.32459274,south,686,Western European broadleaf forests,2023,R,negative,fresh,mowing,275.72,0.35,9.7e-4
S_WTB_A3,S_WTB,13.0168955,48.32459274,south,686,Western European broadleaf forests,2023,R,negative,fresh,mowing,268.6,0.41,0.00108
S_WTB_A4,S_WTB,13.0168955,48.32459274,south,686,Western European broadleaf forests,2023,R,negative,fresh,mowing,258.07,0.47,0.00126
S_WTH_A1,S_WTH,12.96174849,48.80605399,south,686,Western European broadleaf forests,2022,R,restored,moist,mowing,237.54,0.41,0.00174
S_WTH_A2,S_WTH,12.96174849,48.80605399,south,686,Western European broadleaf forests,2022,R,restored,moist,mowing,244.79,0.46,9.7e-4
S_WTH_A3,S_WTH,12.96174849,48.80605399,south,686,Western European broadleaf forests,2022,R,restored,moist,mowing,248.35,0.5,0.00138
S_WTH_A4,S_WTH,12.96174849,48.80605399,south,686,Western European broadleaf forests,2022,R22,restored,moist,mowing,257.19,0.45,0.00172
S_WTZ_A1,S_WTZ,12.87799591,48.35616758,south,686,Western European broadleaf forests,2023,R22,restored,fresh,mowing,293.08,0.47,4.8e-4
S_WTZ_A2,S_WTZ,12.87799591,48.35616758,south,686,Western European broadleaf forests,2023,R22,restored,fresh,mowing,286.11,0.45,5e-4
S_WTZ_A3,S_WTZ,12.87799591,48.35616758,south,686,Western European broadleaf forests,2023,R22,restored,fresh,mowing,282.56,0.41,4.6e-4
S_WTZ_A4,S_WTZ,12.87799591,48.35616758,south,686,Western European broadleaf forests,2023,R,restored,fresh,mowing,279.58,0.38,7.5e-4
