attributeName,attributeDefinition,formatString,unit,numberType,type,factor,comment
id.plot,plot ID,NA,NA,NA,character,NA,NA
id.site,site ID containing of four plots,NA,NA,NA,character,NA,NA
region,location of site in Germany,NA,NA,NA,factor,north / centre / south,"Infos from the Grassworks project (see Temperton et al. 2025, https://doi.org/10.32942/X2192S)"
eco.id,ID of the ecoregion sensu Dinerstein et al. (2017),NA,NA,NA,factor,NA,https://doi.org/10.1093/biosci/bix014 / https://ecoregions.appspot.com/
eco.name,name of the eco.id sensu Dinerstein et al. (2017),NA,NA,NA,character,NA,https://doi.org/10.1093/biosci/bix014 / https://ecoregions.appspot.com/
altitude,height above sea level,NA,meter,real,numeric,NA,NA
longitude,x coordinate of id.plot / WGS84 / EPSG 4326,NA,meter,real,numeric,NA,NA
latitude,y coordinate of id.plot / WGS84 / EPSG 4327,NA,meter,real,numeric,NA,NA
esy4,EUNIS habitat type according to expert system (EUNIS-ESy) of Chytrý et al. (2020) calculated for each id.plot,NA,NA,NA,factor,R / R1A / R21 / R22 / R35 / R37 / V / V11 / V15 / V32 / V37 / V38 / ? = no clear result,abbreviations of levels are explained in Chytrý et al. (2020) Appl Veg Sci https://doi.org/10.1111/avsc.12519
esy16,EUNIS habitat type according to expert system (EUNIS-ESy) of Chytrý et al. (2020) calculated for each id.site (put together the species composition of the four id.plots per id.site) and then assigned to the four id.plots of one id.site,NA,NA,NA,factor,R / R1A / R21 / R22 / R35 / V / V32 / V37,abbreviations of levels are explained in Chytrý et al. (2020) Appl Veg Sci https://doi.org/10.1111/avsc.12519
land.use.hist,Was the restored used formerly as grassland or as arable land,NA,NA,NA,factor,arable land / grassland,"Infos from the Grassworks project (see Temperton et al. 2025, https://doi.org/10.32942/X2192S)"
obs.year,observation year either 2022 or 2023,YYYY,NA,NA,date,NA,"Infos from the Grassworks project (see Temperton et al. 2025, https://doi.org/10.32942/X2192S)"
site.type,Each restored site got a positive and negative reference site close by,NA,NA,NA,factor,negative / restored / positive,"Infos from the Grassworks project (see Temperton et al. 2025, https://doi.org/10.32942/X2192S)"
fertilized,Is the area fertilized or not,NA,NA,NA,factor,1 = yes / 0 = no,"Infos from the Grassworks project (see Temperton et al. 2025, https://doi.org/10.32942/X2192S)"
hydrology,Expert judgement about the hydrological site conditions,NA,NA,NA,factor,moist / fresh / dry,"Infos from the Grassworks project (see Temperton et al. 2025, https://doi.org/10.32942/X2192S)"
mngm.type,"Is the area mown, grazed or both?",NA,NA,NA,factor,mowing / grazing / both,"Infos from the Grassworks project (see Temperton et al. 2025, https://doi.org/10.32942/X2192S)"
rest.age,How long ago to the obs.year is the restoration activity?,NA,years,integer,numeric,NA,"Infos from the Grassworks project (see Temperton et al. 2025, https://doi.org/10.32942/X2192S)"
fdis.abu.sla,Fuctional dispersion based on abundance data for specific leaf area,NA,dimensionless,real,numeric,NA,"Traits data from GIFT database (Weigelt et al. 2020, https://doi.org/10.1111/jbi.13623), index calculation according to FD package (Laliberté and Legendre 2010, https://doi.org/10.1890/08-2244.1)"
fric.abu.sla,Fuctional richness based on abundance data for specific leaf area,NA,dimensionless,real,numeric,NA,"Traits data from GIFT database (Weigelt et al. 2020, https://doi.org/10.1111/jbi.13623), index calculation according to FD package (Laliberté and Legendre 2010, https://doi.org/10.1890/08-2244.1)"
cwm.abu.sla,Community-weighed mean based on abundance data for specific leaf area,NA,squareCentimeterPerGram,real,numeric,NA,"Traits data from GIFT database (Weigelt et al. 2020, https://doi.org/10.1111/jbi.13623), index calculation according to FD package (Laliberté and Legendre 2010, https://doi.org/10.1890/08-2244.1)"
fdis.pres.sla,Fuctional dispersion based on presence-absence data for specific leaf area,NA,dimensionless,real,numeric,NA,"Traits data from GIFT database (Weigelt et al. 2020, https://doi.org/10.1111/jbi.13623), index calculation according to FD package (Laliberté and Legendre 2010, https://doi.org/10.1890/08-2244.1)"
fric.pres.sla,Fuctional richness based on presence-absence data for specific leaf area,NA,dimensionless,real,numeric,NA,"Traits data from GIFT database (Weigelt et al. 2020, https://doi.org/10.1111/jbi.13623), index calculation according to FD package (Laliberté and Legendre 2010, https://doi.org/10.1890/08-2244.1)"
cwm.pres.sla,Community-weighted mean based on presence-absence data for specific leaf area,NA,squareCentimeterPerGram,real,numeric,NA,"Traits data from GIFT database (Weigelt et al. 2020, https://doi.org/10.1111/jbi.13623), index calculation according to FD package (Laliberté and Legendre 2010, https://doi.org/10.1890/08-2244.1)"
fdis.abu.height,Fuctional dispersion based on abundance data for canopy height,NA,dimensionless,real,numeric,NA,"Traits data from GIFT database (Weigelt et al. 2020, https://doi.org/10.1111/jbi.13623), index calculation according to FD package (Laliberté and Legendre 2010, https://doi.org/10.1890/08-2244.1)"
fric.abu.height,Fuctional richness based on abundance data for canopy height,NA,dimensionless,real,numeric,NA,"Traits data from GIFT database (Weigelt et al. 2020, https://doi.org/10.1111/jbi.13623), index calculation according to FD package (Laliberté and Legendre 2010, https://doi.org/10.1890/08-2244.1)"
cwm.abu.height,Community-weighted mean based on abundance data for canopy height,NA,meter,real,numeric,NA,"Traits data from GIFT database (Weigelt et al. 2020, https://doi.org/10.1111/jbi.13623), index calculation according to FD package (Laliberté and Legendre 2010, https://doi.org/10.1890/08-2244.1)"
fdis.pres.height,Fuctional dispersion based on presence-absence data for canopy height,NA,dimensionless,real,numeric,NA,"Traits data from GIFT database (Weigelt et al. 2020, https://doi.org/10.1111/jbi.13623), index calculation according to FD package (Laliberté and Legendre 2010, https://doi.org/10.1890/08-2244.1)"
fric.pres.height,Fuctional richness based on presence-absence data for canopy height,NA,dimensionless,real,numeric,NA,"Traits data from GIFT database (Weigelt et al. 2020, https://doi.org/10.1111/jbi.13623), index calculation according to FD package (Laliberté and Legendre 2010, https://doi.org/10.1890/08-2244.1)"
cwm.pres.height,Community-weighted mean based on presence-absence data for canopy height,NA,meter,real,numeric,NA,"Traits data from GIFT database (Weigelt et al. 2020, https://doi.org/10.1111/jbi.13623), index calculation according to FD package (Laliberté and Legendre 2010, https://doi.org/10.1890/08-2244.1)"
fdis.abu.seedmass,Fuctional dispersion based on abundance data for seed mass,NA,dimensionless,real,numeric,NA,"Traits data from GIFT database (Weigelt et al. 2020, https://doi.org/10.1111/jbi.13623), index calculation according to FD package (Laliberté and Legendre 2010, https://doi.org/10.1890/08-2244.1)"
fric.abu.seedmass,Fuctional richness based on abundance data for seed mass,NA,dimensionless,real,numeric,NA,"Traits data from GIFT database (Weigelt et al. 2020, https://doi.org/10.1111/jbi.13623), index calculation according to FD package (Laliberté and Legendre 2010, https://doi.org/10.1890/08-2244.1)"
cwm.abu.seedmass,Community-weighted mean based on abundance data for seed mass,NA,gram,real,numeric,NA,"Traits data from GIFT database (Weigelt et al. 2020, https://doi.org/10.1111/jbi.13623), index calculation according to FD package (Laliberté and Legendre 2010, https://doi.org/10.1890/08-2244.1)"
fdis.pres.seedmass,Fuctional dispersion based on presence-absence data for seed mass,NA,dimensionless,real,numeric,NA,"Traits data from GIFT database (Weigelt et al. 2020, https://doi.org/10.1111/jbi.13623), index calculation according to FD package (Laliberté and Legendre 2010, https://doi.org/10.1890/08-2244.1)"
fric.pres.seedmass,Fuctional richness based on presence-absence data for seed mass,NA,dimensionless,real,numeric,NA,"Traits data from GIFT database (Weigelt et al. 2020, https://doi.org/10.1111/jbi.13623), index calculation according to FD package (Laliberté and Legendre 2010, https://doi.org/10.1890/08-2244.1)"
cwm.pres.seedmass,Community-weighted mean based on presence-absence data for seed mass,NA,gram,real,numeric,NA,"Traits data from GIFT database (Weigelt et al. 2020, https://doi.org/10.1111/jbi.13623), index calculation according to FD package (Laliberté and Legendre 2010, https://doi.org/10.1890/08-2244.1)"
ph.value,pH measured in 0.01 M CaCl2 with VDLUFA method A 5.1.1,NA,dimensionless,real,numeric,NA,VDLUFA (Verband Deutscher Landwirtschaftlicher Untersuchungs- und Forschungsanstalten) (1991) VDLUFA-Methodenhandbuch. Die Untersuchung von Böden. Band I. URL: https://www.methodenbuch.de/produkt/methodenbuch-band-i-boden/ / Professor Hellriegel Institut e.V. (Anhalt University of Applied Science)
c.perc,Percentage of C total (weight percent) measured after DIN ISO 10694 ,NA,percent,real,numeric,NA,DIN ISO 10694:1996-08 / Soil quality - Determination of organic and total carbon after dry combustion (elementary analysis) (ISO 10694:1995) / https://www.dinmedia.de/de/norm/din-iso-10694/2799936
toc.perc,Total organic carbon (TOC) / Percentage of C organic (weight percent) measured with VDLUFA method A 4.1.3.1 ,NA,percent,real,numeric,NA,VDLUFA (Verband Deutscher Landwirtschaftlicher Untersuchungs- und Forschungsanstalten) (1991) VDLUFA-Methodenhandbuch. Die Untersuchung von Böden. Band I. https://www.methodenbuch.de/produkt/methodenbuch-band-i-boden/
n.perc,Percentage of total Nitrogen (weight percent) measured after DIN ISO 10694,NA,percent,real,numeric,NA,DIN ISO 10694:1996-08 / Soil quality - Determination of organic and total carbon after dry combustion (elementary analysis) (ISO 10694:1995) / https://www.dinmedia.de/de/norm/din-iso-10694/2799936 / Professor Hellriegel Institut e.V. (Anhalt University of Applied Science)
clay.perc,Soil texture measured with soil finger test after DIN 19682-2 and then mean proportions of clay calculated after Ad-hoc-AG Boden (2005),NA,percent,real,numeric,NA,"DIN 19682-2:2014-07 / Soil quality - Field tests - Part 2: Determination of soil texture / Ad-hoc-AG Boden (2005) Manual of soil mapping. 5th ed. Schweizerbart, Hannover. ISBN: 978-3-510-95920-4 / Professor Hellriegel Institut e.V. (Anhalt University of Applied Science)"
silt.perc,Soil texture measured with soil finger test after DIN 19682-2 and then mean proportions of silt calculated after Ad-hoc-AG Boden (2005),NA,percent,real,numeric,NA,"DIN 19682-2:2014-07 / Soil quality - Field tests - Part 2: Determination of soil texture / Ad-hoc-AG Boden (2005) Manual of soil mapping. 5th ed. Schweizerbart, Hannover. ISBN: 978-3-510-95920-4 / Professor Hellriegel Institut e.V. (Anhalt University of Applied Science)"
sand.perc,Soil texture measured with soil finger test after DIN 19682-2 and then mean proportions of sand calculated after Ad-hoc-AG Boden (2005),NA,percent,real,numeric,NA,"DIN 19682-2:2014-07 / Soil quality - Field tests - Part 2: Determination of soil texture / Ad-hoc-AG Boden (2005) Manual of soil mapping. 5th ed. Schweizerbart, Hannover. ISBN: 978-3-510-95920-4 / Professor Hellriegel Institut e.V. (Anhalt University of Applied Science)"
